bs_code,symbol,name,market,board
sh.600000,600000,浦发银行,sh,main_board
sh.600004,600004,白云机场,sh,main_board
sh.600006,600006,东风股份,sh,main_board
sh.600007,600007,中国国贸,sh,main_board
sh.600008,600008,首创环保,sh,main_board
sh.600009,600009,上海机场,sh,main_board
sh.600010,600010,包钢股份,sh,main_board
sh.600011,600011,华能国际,sh,main_board
sh.600012,600012,皖通高速,sh,main_board
sh.600015,600015,华夏银行,sh,main_board
sh.600016,600016,民生银行,sh,main_board
sh.600017,600017,日照港,sh,main_board
sh.600018,600018,上港集团,sh,main_board
sh.600019,600019,宝钢股份,sh,main_board
sh.600020,600020,中原高速,sh,main_board
sh.600021,600021,上海电力,sh,main_board
sh.600022,600022,山东钢铁,sh,main_board
sh.600023,600023,浙能电力,sh,main_board
sh.600025,600025,华能水电,sh,main_board
sh.600026,600026,中远海能,sh,main_board
sh.600027,600027,华电国际,sh,main_board
sh.600028,600028,中国石化,sh,main_board
sh.600029,600029,南方航空,sh,main_board
sh.600030,600030,中信证券,sh,main_board
sh.600031,600031,三一重工,sh,main_board
sh.600032,600032,浙江新能,sh,main_board
sh.600033,600033,福建高速,sh,main_board
sh.600035,600035,楚天高速,sh,main_board
sh.600036,600036,招商银行,sh,main_board
sh.600037,600037,歌华有线,sh,main_board
sh.600038,600038,中直股份,sh,main_board
sh.600039,600039,四川路桥,sh,main_board
sh.600048,600048,保利发展,sh,main_board
sh.600050,600050,中国联通,sh,main_board
sh.600051,600051,宁波联合,sh,main_board
sh.600052,600052,东望时代,sh,main_board
sh.600054,600054,黄山旅游,sh,main_board
sh.600055,600055,万东医疗,sh,main_board
sh.600056,600056,中国医药,sh,main_board
sh.600057,600057,厦门象屿,sh,main_board
sh.600058,600058,五矿发展,sh,main_board
sh.600059,600059,古越龙山,sh,main_board
sh.600060,600060,海信视像,sh,main_board
sh.600061,600061,国投资本,sh,main_board
sh.600062,600062,华润双鹤,sh,main_board
sh.600063,600063,皖维高新,sh,main_board
sh.600064,600064,南京高科,sh,main_board
sh.600066,600066,宇通客车,sh,main_board
sh.600067,600067,冠城新材,sh,main_board
sh.600071,600071,凤凰光学,sh,main_board
sh.600072,600072,中船科技,sh,main_board
sh.600073,600073,光明肉业,sh,main_board
sh.600075,600075,新疆天业,sh,main_board
sh.600076,600076,康欣新材,sh,main_board
sh.600078,600078,澄星股份,sh,main_board
sh.600081,600081,东风科技,sh,main_board
sh.600085,600085,同仁堂,sh,main_board
sh.600088,600088,中视传媒,sh,main_board
sh.600089,600089,特变电工,sh,main_board
sh.600094,600094,大名城,sh,main_board
sh.600095,600095,湘财股份,sh,main_board
sh.600096,600096,云天化,sh,main_board
sh.600097,600097,开创国际,sh,main_board
sh.600098,600098,广州发展,sh,main_board
sh.600099,600099,林海股份,sh,main_board
sh.600100,600100,同方股份,sh,main_board
sh.600101,600101,明星电力,sh,main_board
sh.600103,600103,青山纸业,sh,main_board
sh.600104,600104,上汽集团,sh,main_board
sh.600105,600105,永鼎股份,sh,main_board
sh.600106,600106,重庆路桥,sh,main_board
sh.600108,600108,亚盛集团,sh,main_board
sh.600109,600109,国金证券,sh,main_board
sh.600110,600110,诺德股份,sh,main_board
sh.600111,600111,北方稀土,sh,main_board
sh.600113,600113,浙江东日,sh,main_board
sh.600114,600114,东睦股份,sh,main_board
sh.600115,600115,中国东航,sh,main_board
sh.600116,600116,三峡水利,sh,main_board
sh.600117,600117,西宁特钢,sh,main_board
sh.600118,600118,中国卫星,sh,main_board
sh.600120,600120,浙江东方,sh,main_board
sh.600121,600121,郑州煤电,sh,main_board
sh.600123,600123,兰花科创,sh,main_board
sh.600125,600125,铁龙物流,sh,main_board
sh.600126,600126,杭钢股份,sh,main_board
sh.600127,600127,金健米业,sh,main_board
sh.600128,600128,苏豪弘业,sh,main_board
sh.600129,600129,太极集团,sh,main_board
sh.600130,600130,波导股份,sh,main_board
sh.600131,600131,国网信通,sh,main_board
sh.600132,600132,重庆啤酒,sh,main_board
sh.600133,600133,东湖高新,sh,main_board
sh.600135,600135,乐凯胶片,sh,main_board
sh.600137,600137,浪莎股份,sh,main_board
sh.600138,600138,中青旅,sh,main_board
sh.600141,600141,兴发集团,sh,main_board
sh.600143,600143,金发科技,sh,main_board
sh.600148,600148,长春一东,sh,main_board
sh.600149,600149,廊坊发展,sh,main_board
sh.600150,600150,中国船舶,sh,main_board
sh.600151,600151,航天机电,sh,main_board
sh.600152,600152,维科技术,sh,main_board
sh.600153,600153,建发股份,sh,main_board
sh.600155,600155,华创云信,sh,main_board
sh.600156,600156,华升股份,sh,main_board
sh.600157,600157,永泰能源,sh,main_board
sh.600158,600158,中体产业,sh,main_board
sh.600159,600159,大龙地产,sh,main_board
sh.600160,600160,巨化股份,sh,main_board
sh.600161,600161,天坛生物,sh,main_board
sh.600162,600162,香江控股,sh,main_board
sh.600163,600163,中闽能源,sh,main_board
sh.600166,600166,福田汽车,sh,main_board
sh.600167,600167,联美控股,sh,main_board
sh.600168,600168,武汉控股,sh,main_board
sh.600170,600170,上海建工,sh,main_board
sh.600171,600171,上海贝岭,sh,main_board
sh.600172,600172,黄河旋风,sh,main_board
sh.600173,600173,卧龙新能,sh,main_board
sh.600176,600176,中国巨石,sh,main_board
sh.600177,600177,雅戈尔,sh,main_board
sh.600178,600178,东安动力,sh,main_board
sh.600179,600179,安通控股,sh,main_board
sh.600182,600182,S佳通,sh,main_board
sh.600183,600183,生益科技,sh,main_board
sh.600184,600184,光电股份,sh,main_board
sh.600185,600185,珠免集团,sh,main_board
sh.600186,600186,莲花控股,sh,main_board
sh.600188,600188,兖矿能源,sh,main_board
sh.600189,600189,泉阳泉,sh,main_board
sh.600191,600191,华资实业,sh,main_board
sh.600192,600192,长城电工,sh,main_board
sh.600195,600195,中牧股份,sh,main_board
sh.600196,600196,复星医药,sh,main_board
sh.600197,600197,伊力特,sh,main_board
sh.600198,600198,大唐电信,sh,main_board
sh.600199,600199,金种子酒,sh,main_board
sh.600201,600201,生物股份,sh,main_board
sh.600202,600202,哈空调,sh,main_board
sh.600203,600203,福日电子,sh,main_board
sh.600206,600206,有研新材,sh,main_board
sh.600207,600207,安彩高科,sh,main_board
sh.600208,600208,衢州发展,sh,main_board
sh.600210,600210,紫江企业,sh,main_board
sh.600211,600211,西藏药业,sh,main_board
sh.600212,600212,绿能慧充,sh,main_board
sh.600215,600215,派斯林,sh,main_board
sh.600216,600216,浙江医药,sh,main_board
sh.600217,600217,中再资环,sh,main_board
sh.600218,600218,全柴动力,sh,main_board
sh.600219,600219,南山铝业,sh,main_board
sh.600221,600221,海航控股,sh,main_board
sh.600222,600222,太龙药业,sh,main_board
sh.600223,600223,福瑞达,sh,main_board
sh.600226,600226,亨通股份,sh,main_board
sh.600227,600227,赤天化,sh,main_board
sh.600229,600229,城市传媒,sh,main_board
sh.600230,600230,沧州大化,sh,main_board
sh.600231,600231,凌钢股份,sh,main_board
sh.600232,600232,金鹰股份,sh,main_board
sh.600233,600233,圆通速递,sh,main_board
sh.600234,600234,科新发展,sh,main_board
sh.600235,600235,民丰特纸,sh,main_board
sh.600236,600236,桂冠电力,sh,main_board
sh.600237,600237,铜峰电子,sh,main_board
sh.600241,600241,时代万恒,sh,main_board
sh.600246,600246,万通发展,sh,main_board
sh.600248,600248,陕建股份,sh,main_board
sh.600249,600249,两面针,sh,main_board
sh.600250,600250,南京商旅,sh,main_board
sh.600251,600251,冠农股份,sh,main_board
sh.600252,600252,中恒集团,sh,main_board
sh.600255,600255,鑫科材料,sh,main_board
sh.600256,600256,广汇能源,sh,main_board
sh.600257,600257,大湖股份,sh,main_board
sh.600258,600258,首旅酒店,sh,main_board
sh.600259,600259,中稀有色,sh,main_board
sh.600261,600261,阳光照明,sh,main_board
sh.600262,600262,北方股份,sh,main_board
sh.600266,600266,城建发展,sh,main_board
sh.600267,600267,海正药业,sh,main_board
sh.600268,600268,国电南自,sh,main_board
sh.600269,600269,赣粤高速,sh,main_board
sh.600271,600271,航天信息,sh,main_board
sh.600272,600272,开开实业,sh,main_board
sh.600273,600273,嘉化能源,sh,main_board
sh.600276,600276,恒瑞医药,sh,main_board
sh.600278,600278,东方创业,sh,main_board
sh.600279,600279,重庆港,sh,main_board
sh.600280,600280,中央商场,sh,main_board
sh.600281,600281,华阳新材,sh,main_board
sh.600282,600282,南钢股份,sh,main_board
sh.600283,600283,钱江水利,sh,main_board
sh.600284,600284,浦东建设,sh,main_board
sh.600285,600285,羚锐制药,sh,main_board
sh.600287,600287,苏豪时尚,sh,main_board
sh.600288,600288,大恒科技,sh,main_board
sh.600292,600292,电投水电,sh,main_board
sh.600293,600293,三峡新材,sh,main_board
sh.600295,600295,鄂尔多斯,sh,main_board
sh.600298,600298,安琪酵母,sh,main_board
sh.600299,600299,安迪苏,sh,main_board
sh.600300,600300,维维股份,sh,main_board
sh.600301,600301,华锡有色,sh,main_board
sh.600303,600303,曙光股份,sh,main_board
sh.600305,600305,恒顺醋业,sh,main_board
sh.600307,600307,酒钢宏兴,sh,main_board
sh.600308,600308,华泰股份,sh,main_board
sh.600309,600309,万华化学,sh,main_board
sh.600310,600310,广西能源,sh,main_board
sh.600312,600312,平高电气,sh,main_board
sh.600313,600313,农发种业,sh,main_board
sh.600315,600315,上海家化,sh,main_board
sh.600316,600316,洪都航空,sh,main_board
sh.600318,600318,新力金融,sh,main_board
sh.600319,600319,亚星化学,sh,main_board
sh.600320,600320,振华重工,sh,main_board
sh.600322,600322,津投城开,sh,main_board
sh.600323,600323,瀚蓝环境,sh,main_board
sh.600325,600325,华发股份,sh,main_board
sh.600326,600326,西藏天路,sh,main_board
sh.600327,600327,大东方,sh,main_board
sh.600328,600328,中盐化工,sh,main_board
sh.600329,600329,达仁堂,sh,main_board
sh.600330,600330,天通股份,sh,main_board
sh.600331,600331,宏达股份,sh,main_board
sh.600332,600332,白云山,sh,main_board
sh.600333,600333,长春燃气,sh,main_board
sh.600335,600335,国机汽车,sh,main_board
sh.600336,600336,澳柯玛,sh,main_board
sh.600338,600338,西藏珠峰,sh,main_board
sh.600339,600339,中油工程,sh,main_board
sh.600343,600343,航天动力,sh,main_board
sh.600345,600345,长江通信,sh,main_board
sh.600346,600346,恒力石化,sh,main_board
sh.600348,600348,华阳股份,sh,main_board
sh.600350,600350,山东高速,sh,main_board
sh.600351,600351,亚宝药业,sh,main_board
sh.600352,600352,浙江龙盛,sh,main_board
sh.600353,600353,旭光电子,sh,main_board
sh.600354,600354,敦煌种业,sh,main_board
sh.600356,600356,恒丰纸业,sh,main_board
sh.600358,600358,国旅联合,sh,main_board
sh.600359,600359,新农开发,sh,main_board
sh.600361,600361,创新新材,sh,main_board
sh.600362,600362,江西铜业,sh,main_board
sh.600363,600363,联创光电,sh,main_board
sh.600366,600366,宁波韵升,sh,main_board
sh.600367,600367,红星发展,sh,main_board
sh.600368,600368,五洲交通,sh,main_board
sh.600369,600369,西南证券,sh,main_board
sh.600371,600371,万向德农,sh,main_board
sh.600372,600372,中航机载,sh,main_board
sh.600373,600373,中文传媒,sh,main_board
sh.600375,600375,汉马科技,sh,main_board
sh.600376,600376,首开股份,sh,main_board
sh.600377,600377,宁沪高速,sh,main_board
sh.600378,600378,昊华科技,sh,main_board
sh.600379,600379,宝光股份,sh,main_board
sh.600380,600380,健康元,sh,main_board
sh.600382,600382,广东明珠,sh,main_board
sh.600383,600383,金地集团,sh,main_board
sh.600386,600386,北巴传媒,sh,main_board
sh.600388,600388,龙净环保,sh,main_board
sh.600389,600389,江山股份,sh,main_board
sh.600390,600390,五矿资本,sh,main_board
sh.600391,600391,航发科技,sh,main_board
sh.600392,600392,盛和资源,sh,main_board
sh.600395,600395,盘江股份,sh,main_board
sh.600396,600396,华电辽能,sh,main_board
sh.600397,600397,江钨装备,sh,main_board
sh.600398,600398,海澜之家,sh,main_board
sh.600399,600399,抚顺特钢,sh,main_board
sh.600400,600400,红豆股份,sh,main_board
sh.600403,600403,大有能源,sh,main_board
sh.600405,600405,动力源,sh,main_board
sh.600406,600406,国电南瑞,sh,main_board
sh.600408,600408,安泰集团,sh,main_board
sh.600409,600409,三友化工,sh,main_board
sh.600410,600410,华胜天成,sh,main_board
sh.600415,600415,小商品城,sh,main_board
sh.600416,600416,湘电股份,sh,main_board
sh.600418,600418,江淮汽车,sh,main_board
sh.600419,600419,天润乳业,sh,main_board
sh.600420,600420,国药现代,sh,main_board
sh.600422,600422,昆药集团,sh,main_board
sh.600425,600425,青松建化,sh,main_board
sh.600426,600426,华鲁恒升,sh,main_board
sh.600428,600428,中远海特,sh,main_board
sh.600429,600429,三元股份,sh,main_board
sh.600433,600433,冠豪高新,sh,main_board
sh.600435,600435,北方导航,sh,main_board
sh.600436,600436,片仔癀,sh,main_board
sh.600438,600438,通威股份,sh,main_board
sh.600439,600439,瑞贝卡,sh,main_board
sh.600444,600444,国机通用,sh,main_board
sh.600446,600446,金证股份,sh,main_board
sh.600448,600448,华纺股份,sh,main_board
sh.600449,600449,宁夏建材,sh,main_board
sh.600452,600452,涪陵电力,sh,main_board
sh.600455,600455,博通股份,sh,main_board
sh.600456,600456,宝钛股份,sh,main_board
sh.600458,600458,时代新材,sh,main_board
sh.600459,600459,贵研铂业,sh,main_board
sh.600460,600460,士兰微,sh,main_board
sh.600461,600461,洪城环境,sh,main_board
sh.600463,600463,空港股份,sh,main_board
sh.600467,600467,好当家,sh,main_board
sh.600468,600468,百利电气,sh,main_board
sh.600469,600469,风神股份,sh,main_board
sh.600470,600470,六国化工,sh,main_board
sh.600475,600475,华光环能,sh,main_board
sh.600477,600477,杭萧钢构,sh,main_board
sh.600478,600478,科力远,sh,main_board
sh.600479,600479,千金药业,sh,main_board
sh.600480,600480,凌云股份,sh,main_board
sh.600481,600481,双良节能,sh,main_board
sh.600482,600482,中国动力,sh,main_board
sh.600483,600483,福能股份,sh,main_board
sh.600486,600486,扬农化工,sh,main_board
sh.600487,600487,亨通光电,sh,main_board
sh.600488,600488,津药药业,sh,main_board
sh.600489,600489,中金黄金,sh,main_board
sh.600490,600490,鹏欣资源,sh,main_board
sh.600493,600493,凤竹纺织,sh,main_board
sh.600495,600495,晋西车轴,sh,main_board
sh.600496,600496,精工钢构,sh,main_board
sh.600497,600497,驰宏锌锗,sh,main_board
sh.600498,600498,烽火通信,sh,main_board
sh.600499,600499,科达制造,sh,main_board
sh.600500,600500,中化国际,sh,main_board
sh.600501,600501,航天晨光,sh,main_board
sh.600502,600502,安徽建工,sh,main_board
sh.600503,600503,华丽家族,sh,main_board
sh.600505,600505,西昌电力,sh,main_board
sh.600506,600506,DR统一股,sh,main_board
sh.600507,600507,方大特钢,sh,main_board
sh.600508,600508,上海能源,sh,main_board
sh.600509,600509,天富能源,sh,main_board
sh.600510,600510,黑牡丹,sh,main_board
sh.600511,600511,国药股份,sh,main_board
sh.600512,600512,腾达建设,sh,main_board
sh.600513,600513,联环药业,sh,main_board
sh.600515,600515,海南机场,sh,main_board
sh.600516,600516,方大炭素,sh,main_board
sh.600517,600517,国网英大,sh,main_board
sh.600518,600518,康美药业,sh,main_board
sh.600519,600519,贵州茅台,sh,main_board
sh.600520,600520,三佳科技,sh,main_board
sh.600521,600521,华海药业,sh,main_board
sh.600522,600522,中天科技,sh,main_board
sh.600523,600523,贵航股份,sh,main_board
sh.600526,600526,菲达环保,sh,main_board
sh.600527,600527,江南高纤,sh,main_board
sh.600528,600528,中铁工业,sh,main_board
sh.600529,600529,山东药玻,sh,main_board
sh.600530,600530,交大昂立,sh,main_board
sh.600531,600531,豫光金铅,sh,main_board
sh.600533,600533,栖霞建设,sh,main_board
sh.600535,600535,天士力,sh,main_board
sh.600536,600536,中国软件,sh,main_board
sh.600538,600538,国发股份,sh,main_board
sh.600539,600539,狮头股份,sh,main_board
sh.600540,600540,新赛股份,sh,main_board
sh.600545,600545,卓郎智能,sh,main_board
sh.600546,600546,山煤国际,sh,main_board
sh.600547,600547,山东黄金,sh,main_board
sh.600548,600548,深高速,sh,main_board
sh.600549,600549,厦门钨业,sh,main_board
sh.600550,600550,保变电气,sh,main_board
sh.600551,600551,时代出版,sh,main_board
sh.600552,600552,凯盛科技,sh,main_board
sh.600556,600556,天下秀,sh,main_board
sh.600557,600557,康缘药业,sh,main_board
sh.600558,600558,大西洋,sh,main_board
sh.600559,600559,老白干酒,sh,main_board
sh.600560,600560,金自天正,sh,main_board
sh.600561,600561,江西长运,sh,main_board
sh.600562,600562,国睿科技,sh,main_board
sh.600563,600563,法拉电子,sh,main_board
sh.600566,600566,济川药业,sh,main_board
sh.600567,600567,山鹰国际,sh,main_board
sh.600569,600569,安阳钢铁,sh,main_board
sh.600570,600570,恒生电子,sh,main_board
sh.600571,600571,信雅达,sh,main_board
sh.600572,600572,康恩贝,sh,main_board
sh.600573,600573,惠泉啤酒,sh,main_board
sh.600575,600575,淮河能源,sh,main_board
sh.600576,600576,祥源文旅,sh,main_board
sh.600577,600577,精达股份,sh,main_board
sh.600578,600578,京能电力,sh,main_board
sh.600579,600579,中化装备,sh,main_board
sh.600580,600580,卧龙电驱,sh,main_board
sh.600582,600582,天地科技,sh,main_board
sh.600583,600583,海油工程,sh,main_board
sh.600584,600584,长电科技,sh,main_board
sh.600585,600585,海螺水泥,sh,main_board
sh.600586,600586,金晶科技,sh,main_board
sh.600587,600587,新华医疗,sh,main_board
sh.600588,600588,用友网络,sh,main_board
sh.600589,600589,大位科技,sh,main_board
sh.600590,600590,泰豪科技,sh,main_board
sh.600592,600592,龙溪股份,sh,main_board
sh.600593,600593,大连圣亚,sh,main_board
sh.600594,600594,益佰制药,sh,main_board
sh.600595,600595,中孚实业,sh,main_board
sh.600596,600596,新安股份,sh,main_board
sh.600597,600597,光明乳业,sh,main_board
sh.600598,600598,北大荒,sh,main_board
sh.600600,600600,青岛啤酒,sh,main_board
sh.600601,600601,方正科技,sh,main_board
sh.600602,600602,云赛智联,sh,main_board
sh.600603,600603,广汇物流,sh,main_board
sh.600604,600604,市北高新,sh,main_board
sh.600605,600605,汇通能源,sh,main_board
sh.600606,600606,绿地控股,sh,main_board
sh.600609,600609,金杯汽车,sh,main_board
sh.600610,600610,中毅达,sh,main_board
sh.600611,600611,大众交通,sh,main_board
sh.600612,600612,老凤祥,sh,main_board
sh.600613,600613,神奇制药,sh,main_board
sh.600615,600615,鑫源智造,sh,main_board
sh.600616,600616,金枫酒业,sh,main_board
sh.600617,600617,国新能源,sh,main_board
sh.600618,600618,氯碱化工,sh,main_board
sh.600619,600619,海立股份,sh,main_board
sh.600620,600620,天宸股份,sh,main_board
sh.600621,600621,华鑫股份,sh,main_board
sh.600622,600622,光大嘉宝,sh,main_board
sh.600623,600623,华谊集团,sh,main_board
sh.600626,600626,申达股份,sh,main_board
sh.600628,600628,新世界,sh,main_board
sh.600629,600629,华建集团,sh,main_board
sh.600630,600630,龙头股份,sh,main_board
sh.600633,600633,浙数文化,sh,main_board
sh.600635,600635,大众公用,sh,main_board
sh.600637,600637,东方明珠,sh,main_board
sh.600638,600638,新黄浦,sh,main_board
sh.600639,600639,浦东金桥,sh,main_board
sh.600640,600640,国脉文化,sh,main_board
sh.600641,600641,先导基电,sh,main_board
sh.600642,600642,申能股份,sh,main_board
sh.600643,600643,爱建集团,sh,main_board
sh.600644,600644,乐山电力,sh,main_board
sh.600645,600645,中源协和,sh,main_board
sh.600648,600648,外高桥,sh,main_board
sh.600649,600649,城投控股,sh,main_board
sh.600650,600650,锦江在线,sh,main_board
sh.600651,600651,飞乐音响,sh,main_board
sh.600653,600653,申华控股,sh,main_board
sh.600654,600654,中安科,sh,main_board
sh.600655,600655,豫园股份,sh,main_board
sh.600657,600657,信达地产,sh,main_board
sh.600658,600658,电子城,sh,main_board
sh.600660,600660,福耀玻璃,sh,main_board
sh.600661,600661,昂立教育,sh,main_board
sh.600662,600662,外服控股,sh,main_board
sh.600663,600663,陆家嘴,sh,main_board
sh.600664,600664,哈药股份,sh,main_board
sh.600665,600665,天地源,sh,main_board
sh.600666,600666,奥瑞德,sh,main_board
sh.600667,600667,太极实业,sh,main_board
sh.600668,600668,尖峰集团,sh,main_board
sh.600671,600671,天目药业,sh,main_board
sh.600673,600673,东阳光,sh,main_board
sh.600674,600674,川投能源,sh,main_board
sh.600675,600675,中华企业,sh,main_board
sh.600676,600676,交运股份,sh,main_board
sh.600679,600679,上海凤凰,sh,main_board
sh.600681,600681,百川能源,sh,main_board
sh.600682,600682,南京新百,sh,main_board
sh.600683,600683,京投发展,sh,main_board
sh.600684,600684,珠江股份,sh,main_board
sh.600685,600685,中船防务,sh,main_board
sh.600686,600686,金龙汽车,sh,main_board
sh.600688,600688,上海石化,sh,main_board
sh.600689,600689,上海三毛,sh,main_board
sh.600690,600690,海尔智家,sh,main_board
sh.600691,600691,潞化科技,sh,main_board
sh.600692,600692,亚通股份,sh,main_board
sh.600693,600693,东百集团,sh,main_board
sh.600694,600694,大商股份,sh,main_board
sh.600697,600697,欧亚集团,sh,main_board
sh.600698,600698,湖南天雁,sh,main_board
sh.600699,600699,均胜电子,sh,main_board
sh.600702,600702,舍得酒业,sh,main_board
sh.600703,600703,三安光电,sh,main_board
sh.600704,600704,物产中大,sh,main_board
sh.600706,600706,曲江文旅,sh,main_board
sh.600707,600707,彩虹股份,sh,main_board
sh.600708,600708,光明地产,sh,main_board
sh.600710,600710,苏美达,sh,main_board
sh.600711,600711,盛屯矿业,sh,main_board
sh.600712,600712,南宁百货,sh,main_board
sh.600713,600713,南京医药,sh,main_board
sh.600714,600714,金瑞矿业,sh,main_board
sh.600715,600715,文投控股,sh,main_board
sh.600716,600716,凤凰股份,sh,main_board
sh.600717,600717,天津港,sh,main_board
sh.600718,600718,东软集团,sh,main_board
sh.600719,600719,大连热电,sh,main_board
sh.600720,600720,中交设计,sh,main_board
sh.600721,600721,百花医药,sh,main_board
sh.600722,600722,金牛化工,sh,main_board
sh.600724,600724,宁波富达,sh,main_board
sh.600725,600725,云维股份,sh,main_board
sh.600726,600726,华电能源,sh,main_board
sh.600727,600727,鲁北化工,sh,main_board
sh.600728,600728,佳都科技,sh,main_board
sh.600729,600729,重庆百货,sh,main_board
sh.600731,600731,湖南海利,sh,main_board
sh.600732,600732,爱旭股份,sh,main_board
sh.600733,600733,北汽蓝谷,sh,main_board
sh.600736,600736,苏州高新,sh,main_board
sh.600737,600737,中粮糖业,sh,main_board
sh.600738,600738,丽尚国潮,sh,main_board
sh.600739,600739,辽宁成大,sh,main_board
sh.600740,600740,山西焦化,sh,main_board
sh.600741,600741,华域汽车,sh,main_board
sh.600742,600742,富维股份,sh,main_board
sh.600743,600743,华远控股,sh,main_board
sh.600744,600744,华银电力,sh,main_board
sh.600746,600746,江苏索普,sh,main_board
sh.600748,600748,上实发展,sh,main_board
sh.600749,600749,西藏旅游,sh,main_board
sh.600750,600750,华润江中,sh,main_board
sh.600751,600751,海航科技,sh,main_board
sh.600754,600754,锦江酒店,sh,main_board
sh.600755,600755,厦门国贸,sh,main_board
sh.600756,600756,浪潮软件,sh,main_board
sh.600757,600757,长江传媒,sh,main_board
sh.600758,600758,辽宁能源,sh,main_board
sh.600760,600760,中航沈飞,sh,main_board
sh.600761,600761,安徽合力,sh,main_board
sh.600763,600763,通策医疗,sh,main_board
sh.600764,600764,中国海防,sh,main_board
sh.600765,600765,中航重机,sh,main_board
sh.600768,600768,宁波富邦,sh,main_board
sh.600769,600769,祥龙电业,sh,main_board
sh.600770,600770,综艺股份,sh,main_board
sh.600771,600771,广誉远,sh,main_board
sh.600773,600773,西藏城投,sh,main_board
sh.600774,600774,汉商集团,sh,main_board
sh.600775,600775,南京熊猫,sh,main_board
sh.600776,600776,东方通信,sh,main_board
sh.600778,600778,友好集团,sh,main_board
sh.600779,600779,水井坊,sh,main_board
sh.600780,600780,通宝能源,sh,main_board
sh.600782,600782,新钢股份,sh,main_board
sh.600783,600783,鲁信创投,sh,main_board
sh.600784,600784,鲁银投资,sh,main_board
sh.600785,600785,新华百货,sh,main_board
sh.600787,600787,中储股份,sh,main_board
sh.600789,600789,鲁抗医药,sh,main_board
sh.600790,600790,轻纺城,sh,main_board
sh.600791,600791,京能置业,sh,main_board
sh.600792,600792,云煤能源,sh,main_board
sh.600793,600793,宜宾纸业,sh,main_board
sh.600794,600794,保税科技,sh,main_board
sh.600795,600795,国电电力,sh,main_board
sh.600796,600796,钱江生化,sh,main_board
sh.600797,600797,浙大网新,sh,main_board
sh.600798,600798,宁波海运,sh,main_board
sh.600800,600800,渤海化学,sh,main_board
sh.600801,600801,华新建材,sh,main_board
sh.600802,600802,福建水泥,sh,main_board
sh.600803,600803,新奥股份,sh,main_board
sh.600805,600805,悦达投资,sh,main_board
sh.600807,600807,济高发展,sh,main_board
sh.600808,600808,马钢股份,sh,main_board
sh.600809,600809,山西汾酒,sh,main_board
sh.600810,600810,神马股份,sh,main_board
sh.600812,600812,华北制药,sh,main_board
sh.600814,600814,杭州解百,sh,main_board
sh.600815,600815,厦工股份,sh,main_board
sh.600816,600816,建元信托,sh,main_board
sh.600817,600817,宇通重工,sh,main_board
sh.600819,600819,耀皮玻璃,sh,main_board
sh.600820,600820,隧道股份,sh,main_board
sh.600821,600821,金开新能,sh,main_board
sh.600822,600822,上海物贸,sh,main_board
sh.600824,600824,益民集团,sh,main_board
sh.600825,600825,新华传媒,sh,main_board
sh.600826,600826,兰生股份,sh,main_board
sh.600827,600827,百联股份,sh,main_board
sh.600828,600828,茂业商业,sh,main_board
sh.600829,600829,人民同泰,sh,main_board
sh.600830,600830,香溢融通,sh,main_board
sh.600831,600831,广电网络,sh,main_board
sh.600833,600833,第一医药,sh,main_board
sh.600834,600834,申通地铁,sh,main_board
sh.600835,600835,上海机电,sh,main_board
sh.600838,600838,上海九百,sh,main_board
sh.600839,600839,四川长虹,sh,main_board
sh.600841,600841,动力新科,sh,main_board
sh.600843,600843,上工申贝,sh,main_board
sh.600844,600844,金煤科技,sh,main_board
sh.600845,600845,宝信软件,sh,main_board
sh.600846,600846,同济科技,sh,main_board
sh.600847,600847,万里股份,sh,main_board
sh.600848,600848,上海临港,sh,main_board
sh.600850,600850,电科数字,sh,main_board
sh.600851,600851,海欣股份,sh,main_board
sh.600853,600853,龙建股份,sh,main_board
sh.600854,600854,春兰股份,sh,main_board
sh.600855,600855,航天长峰,sh,main_board
sh.600857,600857,宁波中百,sh,main_board
sh.600858,600858,银座股份,sh,main_board
sh.600859,600859,王府井,sh,main_board
sh.600860,600860,京城股份,sh,main_board
sh.600861,600861,北京人力,sh,main_board
sh.600862,600862,中航高科,sh,main_board
sh.600863,600863,华能蒙电,sh,main_board
sh.600864,600864,哈投股份,sh,main_board
sh.600865,600865,百大集团,sh,main_board
sh.600866,600866,星湖科技,sh,main_board
sh.600867,600867,通化东宝,sh,main_board
sh.600868,600868,梅雁吉祥,sh,main_board
sh.600869,600869,远东股份,sh,main_board
sh.600871,600871,石化油服,sh,main_board
sh.600872,600872,中炬高新,sh,main_board
sh.600873,600873,梅花生物,sh,main_board
sh.600874,600874,创业环保,sh,main_board
sh.600875,600875,东方电气,sh,main_board
sh.600876,600876,凯盛新能,sh,main_board
sh.600877,600877,电科芯片,sh,main_board
sh.600879,600879,航天电子,sh,main_board
sh.600880,600880,博瑞传播,sh,main_board
sh.600881,600881,亚泰集团,sh,main_board
sh.600882,600882,妙可蓝多,sh,main_board
sh.600883,600883,博闻科技,sh,main_board
sh.600884,600884,杉杉股份,sh,main_board
sh.600885,600885,宏发股份,sh,main_board
sh.600886,600886,国投电力,sh,main_board
sh.600887,600887,伊利股份,sh,main_board
sh.600888,600888,新疆众和,sh,main_board
sh.600893,600893,航发动力,sh,main_board
sh.600894,600894,广日股份,sh,main_board
sh.600895,600895,张江高科,sh,main_board
sh.600897,600897,厦门空港,sh,main_board
sh.600900,600900,长江电力,sh,main_board
sh.600901,600901,江苏金租,sh,main_board
sh.600903,600903,贵州燃气,sh,main_board
sh.600905,600905,三峡能源,sh,main_board
sh.600906,600906,财达证券,sh,main_board
sh.600908,600908,无锡银行,sh,main_board
sh.600909,600909,华安证券,sh,main_board
sh.600916,600916,中国黄金,sh,main_board
sh.600917,600917,重庆燃气,sh,main_board
sh.600918,600918,中泰证券,sh,main_board
sh.600919,600919,江苏银行,sh,main_board
sh.600925,600925,苏能股份,sh,main_board
sh.600926,600926,杭州银行,sh,main_board
sh.600927,600927,永安期货,sh,main_board
sh.600928,600928,西安银行,sh,main_board
sh.600929,600929,雪天盐业,sh,main_board
sh.600930,600930,华电新能,sh,main_board
sh.600933,600933,爱柯迪,sh,main_board
sh.600935,600935,华塑股份,sh,main_board
sh.600936,600936,北投科技,sh,main_board
sh.600938,600938,中国海油,sh,main_board
sh.600939,600939,重庆建工,sh,main_board
sh.600941,600941,中国移动,sh,main_board
sh.600955,600955,维远股份,sh,main_board
sh.600956,600956,新天绿能,sh,main_board
sh.600958,600958,东方证券,sh,main_board
sh.600959,600959,江苏有线,sh,main_board
sh.600960,600960,渤海汽车,sh,main_board
sh.600961,600961,株冶集团,sh,main_board
sh.600962,600962,国投中鲁,sh,main_board
sh.600963,600963,岳阳林纸,sh,main_board
sh.600966,600966,博汇纸业,sh,main_board
sh.600967,600967,内蒙一机,sh,main_board
sh.600968,600968,海油发展,sh,main_board
sh.600969,600969,郴电国际,sh,main_board
sh.600970,600970,中材国际,sh,main_board
sh.600971,600971,恒源煤电,sh,main_board
sh.600973,600973,宝胜股份,sh,main_board
sh.600975,600975,新五丰,sh,main_board
sh.600976,600976,健民集团,sh,main_board
sh.600977,600977,中国电影,sh,main_board
sh.600979,600979,广安爱众,sh,main_board
sh.600980,600980,北矿科技,sh,main_board
sh.600981,600981,苏豪汇鸿,sh,main_board
sh.600982,600982,宁波能源,sh,main_board
sh.600983,600983,惠而浦,sh,main_board
sh.600984,600984,建设机械,sh,main_board
sh.600985,600985,淮北矿业,sh,main_board
sh.600986,600986,浙文互联,sh,main_board
sh.600987,600987,航民股份,sh,main_board
sh.600988,600988,赤峰黄金,sh,main_board
sh.600989,600989,宝丰能源,sh,main_board
sh.600990,600990,四创电子,sh,main_board
sh.600992,600992,贵绳股份,sh,main_board
sh.600993,600993,马应龙,sh,main_board
sh.600995,600995,南网储能,sh,main_board
sh.600996,600996,贵广网络,sh,main_board
sh.600997,600997,开滦股份,sh,main_board
sh.600998,600998,九州通,sh,main_board
sh.600999,600999,招商证券,sh,main_board
sh.601000,601000,唐山港,sh,main_board
sh.601001,601001,晋控煤业,sh,main_board
sh.601002,601002,晋亿实业,sh,main_board
sh.601003,601003,柳钢股份,sh,main_board
sh.601005,601005,重庆钢铁,sh,main_board
sh.601006,601006,大秦铁路,sh,main_board
sh.601007,601007,金陵饭店,sh,main_board
sh.601008,601008,连云港,sh,main_board
sh.601009,601009,南京银行,sh,main_board
sh.601011,601011,宝泰隆,sh,main_board
sh.601012,601012,隆基绿能,sh,main_board
sh.601015,601015,陕西黑猫,sh,main_board
sh.601016,601016,节能风电,sh,main_board
sh.601018,601018,宁波港,sh,main_board
sh.601019,601019,山东出版,sh,main_board
sh.601020,601020,华钰矿业,sh,main_board
sh.601021,601021,春秋航空,sh,main_board
sh.601022,601022,宁波远洋,sh,main_board
sh.601026,601026,道生天合,sh,main_board
sh.601033,601033,永兴股份,sh,main_board
sh.601038,601038,一拖股份,sh,main_board
sh.601058,601058,赛轮轮胎,sh,main_board
sh.601059,601059,信达证券,sh,main_board
sh.601061,601061,中信金属,sh,main_board
sh.601065,601065,江盐集团,sh,main_board
sh.601066,601066,中信建投,sh,main_board
sh.601068,601068,中铝国际,sh,main_board
sh.601069,601069,西部黄金,sh,main_board
sh.601077,601077,渝农商行,sh,main_board
sh.601083,601083,锦江航运,sh,main_board
sh.601086,601086,国芳集团,sh,main_board
sh.601088,601088,中国神华,sh,main_board
sh.601089,601089,福元医药,sh,main_board
sh.601096,601096,宏盛华源,sh,main_board
sh.601098,601098,中南传媒,sh,main_board
sh.601099,601099,太平洋,sh,main_board
sh.601100,601100,恒立液压,sh,main_board
sh.601101,601101,昊华能源,sh,main_board
sh.601106,601106,中国一重,sh,main_board
sh.601107,601107,四川成渝,sh,main_board
sh.601108,601108,财通证券,sh,main_board
sh.601111,601111,中国国航,sh,main_board
sh.601112,601112,振石股份,sh,main_board
sh.601113,601113,华鼎股份,sh,main_board
sh.601116,601116,三江购物,sh,main_board
sh.601117,601117,中国化学,sh,main_board
sh.601118,601118,海南橡胶,sh,main_board
sh.601121,601121,宝地矿业,sh,main_board
sh.601126,601126,四方股份,sh,main_board
sh.601127,601127,赛力斯,sh,main_board
sh.601128,601128,常熟银行,sh,main_board
sh.601133,601133,柏诚股份,sh,main_board
sh.601136,601136,首创证券,sh,main_board
sh.601137,601137,博威合金,sh,main_board
sh.601138,601138,工业富联,sh,main_board
sh.601139,601139,深圳燃气,sh,main_board
sh.601155,601155,新城控股,sh,main_board
sh.601156,601156,东航物流,sh,main_board
sh.601158,601158,重庆水务,sh,main_board
sh.601162,601162,天风证券,sh,main_board
sh.601163,601163,三角轮胎,sh,main_board
sh.601166,601166,兴业银行,sh,main_board
sh.601168,601168,西部矿业,sh,main_board
sh.601169,601169,北京银行,sh,main_board
sh.601177,601177,杭齿前进,sh,main_board
sh.601179,601179,中国西电,sh,main_board
sh.601186,601186,中国铁建,sh,main_board
sh.601187,601187,厦门银行,sh,main_board
sh.601188,601188,龙江交通,sh,main_board
sh.601198,601198,东兴证券,sh,main_board
sh.601199,601199,江南水务,sh,main_board
sh.601200,601200,上海环境,sh,main_board
sh.601208,601208,东材科技,sh,main_board
sh.601211,601211,国泰海通,sh,main_board
sh.601212,601212,白银有色,sh,main_board
sh.601216,601216,君正集团,sh,main_board
sh.601218,601218,吉鑫科技,sh,main_board
sh.601222,601222,林洋能源,sh,main_board
sh.601225,601225,陕西煤业,sh,main_board
sh.601226,601226,华电科工,sh,main_board
sh.601228,601228,广州港,sh,main_board
sh.601229,601229,上海银行,sh,main_board
sh.601231,601231,环旭电子,sh,main_board
sh.601233,601233,桐昆股份,sh,main_board
sh.601236,601236,红塔证券,sh,main_board
sh.601238,601238,广汽集团,sh,main_board
sh.601279,601279,英利汽车,sh,main_board
sh.601288,601288,农业银行,sh,main_board
sh.601298,601298,青岛港,sh,main_board
sh.601311,601311,骆驼股份,sh,main_board
sh.601318,601318,中国平安,sh,main_board
sh.601319,601319,中国人保,sh,main_board
sh.601326,601326,秦港股份,sh,main_board
sh.601328,601328,交通银行,sh,main_board
sh.601330,601330,绿色动力,sh,main_board
sh.601333,601333,广深铁路,sh,main_board
sh.601336,601336,新华保险,sh,main_board
sh.601339,601339,百隆东方,sh,main_board
sh.601360,601360,三六零,sh,main_board
sh.601366,601366,利群股份,sh,main_board
sh.601368,601368,绿城水务,sh,main_board
sh.601369,601369,陕鼓动力,sh,main_board
sh.601375,601375,中原证券,sh,main_board
sh.601377,601377,兴业证券,sh,main_board
sh.601388,601388,怡球资源,sh,main_board
sh.601390,601390,中国中铁,sh,main_board
sh.601398,601398,工商银行,sh,main_board
sh.601399,601399,国机重装,sh,main_board
sh.601456,601456,国联民生,sh,main_board
sh.601500,601500,通用股份,sh,main_board
sh.601512,601512,中新集团,sh,main_board
sh.601515,601515,衢州东峰,sh,main_board
sh.601518,601518,吉林高速,sh,main_board
sh.601519,601519,大智慧,sh,main_board
sh.601528,601528,瑞丰银行,sh,main_board
sh.601555,601555,东吴证券,sh,main_board
sh.601566,601566,九牧王,sh,main_board
sh.601567,601567,三星电气,sh,main_board
sh.601568,601568,北元集团,sh,main_board
sh.601577,601577,长沙银行,sh,main_board
sh.601579,601579,会稽山,sh,main_board
sh.601588,601588,北辰实业,sh,main_board
sh.601595,601595,上海电影,sh,main_board
sh.601598,601598,中国外运,sh,main_board
sh.601599,601599,浙文影业,sh,main_board
sh.601600,601600,中国铝业,sh,main_board
sh.601601,601601,中国太保,sh,main_board
sh.601606,601606,长城军工,sh,main_board
sh.601607,601607,上海医药,sh,main_board
sh.601608,601608,中信重工,sh,main_board
sh.601609,601609,金田股份,sh,main_board
sh.601611,601611,中国核建,sh,main_board
sh.601615,601615,明阳智能,sh,main_board
sh.601616,601616,广电电气,sh,main_board
sh.601618,601618,中国中冶,sh,main_board
sh.601619,601619,嘉泽新能,sh,main_board
sh.601628,601628,中国人寿,sh,main_board
sh.601633,601633,长城汽车,sh,main_board
sh.601636,601636,旗滨集团,sh,main_board
sh.601658,601658,邮储银行,sh,main_board
sh.601665,601665,齐鲁银行,sh,main_board
sh.601666,601666,平煤股份,sh,main_board
sh.601668,601668,中国建筑,sh,main_board
sh.601669,601669,中国电建,sh,main_board
sh.601677,601677,明泰铝业,sh,main_board
sh.601678,601678,滨化股份,sh,main_board
sh.601686,601686,友发集团,sh,main_board
sh.601688,601688,华泰证券,sh,main_board
sh.601689,601689,拓普集团,sh,main_board
sh.601696,601696,中银证券,sh,main_board
sh.601698,601698,中国卫通,sh,main_board
sh.601699,601699,潞安环能,sh,main_board
sh.601700,601700,风范股份,sh,main_board
sh.601702,601702,华峰铝业,sh,main_board
sh.601717,601717,中创智领,sh,main_board
sh.601727,601727,上海电气,sh,main_board
sh.601728,601728,中国电信,sh,main_board
sh.601766,601766,中国中车,sh,main_board
sh.601777,601777,千里科技,sh,main_board
sh.601778,601778,晶科科技,sh,main_board
sh.601788,601788,光大证券,sh,main_board
sh.601789,601789,宁波建工,sh,main_board
sh.601798,601798,蓝科高新,sh,main_board
sh.601799,601799,星宇股份,sh,main_board
sh.601800,601800,中国交建,sh,main_board
sh.601801,601801,皖新传媒,sh,main_board
sh.601808,601808,中海油服,sh,main_board
sh.601811,601811,新华文轩,sh,main_board
sh.601816,601816,京沪高铁,sh,main_board
sh.601818,601818,光大银行,sh,main_board
sh.601825,601825,沪农商行,sh,main_board
sh.601827,601827,三峰环境,sh,main_board
sh.601828,601828,美凯龙,sh,main_board
sh.601838,601838,成都银行,sh,main_board
sh.601857,601857,中国石油,sh,main_board
sh.601858,601858,中国科传,sh,main_board
sh.601860,601860,紫金银行,sh,main_board
sh.601865,601865,福莱特,sh,main_board
sh.601866,601866,中远海发,sh,main_board
sh.601868,601868,中国能建,sh,main_board
sh.601869,601869,长飞光纤,sh,main_board
sh.601872,601872,招商轮船,sh,main_board
sh.601877,601877,正泰电器,sh,main_board
sh.601878,601878,浙商证券,sh,main_board
sh.601880,601880,辽港股份,sh,main_board
sh.601881,601881,中国银河,sh,main_board
sh.601882,601882,海天精工,sh,main_board
sh.601886,601886,江河集团,sh,main_board
sh.601888,601888,中国中免,sh,main_board
sh.601890,601890,亚星锚链,sh,main_board
sh.601898,601898,中煤能源,sh,main_board
sh.601899,601899,紫金矿业,sh,main_board
sh.601900,601900,南方传媒,sh,main_board
sh.601901,601901,方正证券,sh,main_board
sh.601908,601908,京运通,sh,main_board
sh.601916,601916,浙商银行,sh,main_board
sh.601918,601918,新集能源,sh,main_board
sh.601919,601919,中远海控,sh,main_board
sh.601921,601921,浙版传媒,sh,main_board
sh.601928,601928,凤凰传媒,sh,main_board
sh.601929,601929,吉视传媒,sh,main_board
sh.601933,601933,永辉超市,sh,main_board
sh.601939,601939,建设银行,sh,main_board
sh.601949,601949,中国出版,sh,main_board
sh.601952,601952,苏垦农发,sh,main_board
sh.601956,601956,东贝集团,sh,main_board
sh.601958,601958,金钼股份,sh,main_board
sh.601963,601963,重庆银行,sh,main_board
sh.601965,601965,中国汽研,sh,main_board
sh.601966,601966,玲珑轮胎,sh,main_board
sh.601968,601968,宝钢包装,sh,main_board
sh.601969,601969,海南矿业,sh,main_board
sh.601975,601975,招商南油,sh,main_board
sh.601985,601985,中国核电,sh,main_board
sh.601988,601988,中国银行,sh,main_board
sh.601990,601990,南京证券,sh,main_board
sh.601991,601991,大唐发电,sh,main_board
sh.601992,601992,金隅集团,sh,main_board
sh.601995,601995,中金公司,sh,main_board
sh.601996,601996,丰林集团,sh,main_board
sh.601997,601997,贵阳银行,sh,main_board
sh.601998,601998,中信银行,sh,main_board
sh.601999,601999,出版传媒,sh,main_board
sh.603000,603000,人民网,sh,main_board
sh.603001,603001,奥康国际,sh,main_board
sh.603002,603002,宏昌电子,sh,main_board
sh.603004,603004,鼎龙科技,sh,main_board
sh.603005,603005,晶方科技,sh,main_board
sh.603006,603006,联明股份,sh,main_board
sh.603007,603007,花王股份,sh,main_board
sh.603009,603009,北特科技,sh,main_board
sh.603010,603010,万盛股份,sh,main_board
sh.603011,603011,合锻智能,sh,main_board
sh.603012,603012,创力集团,sh,main_board
sh.603013,603013,亚普股份,sh,main_board
sh.603014,603014,威高血净,sh,main_board
sh.603015,603015,弘讯科技,sh,main_board
sh.603016,603016,新宏泰,sh,main_board
sh.603017,603017,中衡设计,sh,main_board
sh.603018,603018,华设集团,sh,main_board
sh.603019,603019,中科曙光,sh,main_board
sh.603020,603020,爱普股份,sh,main_board
sh.603022,603022,新通联,sh,main_board
sh.603023,603023,威帝股份,sh,main_board
sh.603025,603025,大豪科技,sh,main_board
sh.603026,603026,石大胜华,sh,main_board
sh.603027,603027,千禾味业,sh,main_board
sh.603028,603028,赛福天,sh,main_board
sh.603029,603029,天鹅股份,sh,main_board
sh.603030,603030,全筑股份,sh,main_board
sh.603031,603031,安孚科技,sh,main_board
sh.603032,603032,德新科技,sh,main_board
sh.603033,603033,三维股份,sh,main_board
sh.603035,603035,常熟汽饰,sh,main_board
sh.603036,603036,如通股份,sh,main_board
sh.603037,603037,凯众股份,sh,main_board
sh.603038,603038,华立股份,sh,main_board
sh.603039,603039,泛微网络,sh,main_board
sh.603040,603040,新坐标,sh,main_board
sh.603041,603041,美思德,sh,main_board
sh.603042,603042,华脉科技,sh,main_board
sh.603043,603043,广州酒家,sh,main_board
sh.603045,603045,福达合金,sh,main_board
sh.603048,603048,浙江黎明,sh,main_board
sh.603049,603049,中策橡胶,sh,main_board
sh.603050,603050,科林电气,sh,main_board
sh.603051,603051,鹿山新材,sh,main_board
sh.603052,603052,可川科技,sh,main_board
sh.603053,603053,成都燃气,sh,main_board
sh.603055,603055,台华新材,sh,main_board
sh.603057,603057,紫燕食品,sh,main_board
sh.603058,603058,永吉股份,sh,main_board
sh.603059,603059,倍加洁,sh,main_board
sh.603060,603060,国检集团,sh,main_board
sh.603061,603061,金海通,sh,main_board
sh.603062,603062,麦加芯彩,sh,main_board
sh.603063,603063,禾望电气,sh,main_board
sh.603065,603065,宿迁联盛,sh,main_board
sh.603066,603066,音飞储存,sh,main_board
sh.603067,603067,振华股份,sh,main_board
sh.603068,603068,博通集成,sh,main_board
sh.603069,603069,海汽集团,sh,main_board
sh.603070,603070,万控智造,sh,main_board
sh.603071,603071,物产环能,sh,main_board
sh.603072,603072,天和磁材,sh,main_board
sh.603073,603073,彩蝶实业,sh,main_board
sh.603075,603075,热威股份,sh,main_board
sh.603076,603076,乐惠国际,sh,main_board
sh.603077,603077,和邦生物,sh,main_board
sh.603078,603078,江化微,sh,main_board
sh.603079,603079,圣达生物,sh,main_board
sh.603080,603080,新疆火炬,sh,main_board
sh.603081,603081,大丰实业,sh,main_board
sh.603082,603082,北自科技,sh,main_board
sh.603083,603083,剑桥科技,sh,main_board
sh.603085,603085,天成自控,sh,main_board
sh.603086,603086,先达股份,sh,main_board
sh.603087,603087,甘李药业,sh,main_board
sh.603088,603088,宁波精达,sh,main_board
sh.603089,603089,正裕工业,sh,main_board
sh.603090,603090,宏盛股份,sh,main_board
sh.603091,603091,众鑫股份,sh,main_board
sh.603092,603092,德力佳,sh,main_board
sh.603093,603093,南华期货,sh,main_board
sh.603095,603095,越剑智能,sh,main_board
sh.603096,603096,新经典,sh,main_board
sh.603097,603097,江苏华辰,sh,main_board
sh.603098,603098,森特股份,sh,main_board
sh.603099,603099,长白山,sh,main_board
sh.603100,603100,川仪股份,sh,main_board
sh.603101,603101,汇嘉时代,sh,main_board
sh.603102,603102,百合股份,sh,main_board
sh.603103,603103,横店影视,sh,main_board
sh.603105,603105,芯能科技,sh,main_board
sh.603106,603106,恒银科技,sh,main_board
sh.603107,603107,上海汽配,sh,main_board
sh.603108,603108,润达医疗,sh,main_board
sh.603109,603109,神驰机电,sh,main_board
sh.603110,603110,东方材料,sh,main_board
sh.603111,603111,康尼机电,sh,main_board
sh.603112,603112,华翔股份,sh,main_board
sh.603113,603113,金能科技,sh,main_board
sh.603115,603115,海星股份,sh,main_board
sh.603116,603116,红蜻蜓,sh,main_board
sh.603117,603117,万林物流,sh,main_board
sh.603118,603118,共进股份,sh,main_board
sh.603119,603119,浙江荣泰,sh,main_board
sh.603120,603120,肯特催化,sh,main_board
sh.603121,603121,华培动力,sh,main_board
sh.603122,603122,合富中国,sh,main_board
sh.603123,603123,翠微股份,sh,main_board
sh.603124,603124,江南新材,sh,main_board
sh.603125,603125,常青科技,sh,main_board
sh.603126,603126,中材节能,sh,main_board
sh.603127,603127,昭衍新药,sh,main_board
sh.603128,603128,华贸物流,sh,main_board
sh.603129,603129,春风动力,sh,main_board
sh.603130,603130,云中马,sh,main_board
sh.603131,603131,上海沪工,sh,main_board
sh.603132,603132,XD金徽股,sh,main_board
sh.603135,603135,中重科技,sh,main_board
sh.603136,603136,天目湖,sh,main_board
sh.603137,603137,恒尚节能,sh,main_board
sh.603138,603138,海量数据,sh,main_board
sh.603139,603139,康惠股份,sh,main_board
sh.603150,603150,万朗磁塑,sh,main_board
sh.603151,603151,邦基科技,sh,main_board
sh.603153,603153,上海建科,sh,main_board
sh.603155,603155,新亚强,sh,main_board
sh.603156,603156,养元饮品,sh,main_board
sh.603158,603158,腾龙股份,sh,main_board
sh.603159,603159,上海亚虹,sh,main_board
sh.603160,603160,汇顶科技,sh,main_board
sh.603161,603161,科华控股,sh,main_board
sh.603162,603162,海通发展,sh,main_board
sh.603163,603163,圣晖集成,sh,main_board
sh.603165,603165,荣晟环保,sh,main_board
sh.603166,603166,福达股份,sh,main_board
sh.603167,603167,渤海轮渡,sh,main_board
sh.603168,603168,莎普爱思,sh,main_board
sh.603169,603169,兰石重装,sh,main_board
sh.603170,603170,宝立食品,sh,main_board
sh.603171,603171,税友股份,sh,main_board
sh.603172,603172,万丰股份,sh,main_board
sh.603173,603173,福斯达,sh,main_board
sh.603175,603175,超颖电子,sh,main_board
sh.603176,603176,汇通集团,sh,main_board
sh.603177,603177,德创环保,sh,main_board
sh.603178,603178,圣龙股份,sh,main_board
sh.603179,603179,新泉股份,sh,main_board
sh.603180,603180,金牌家居,sh,main_board
sh.603181,603181,皇马科技,sh,main_board
sh.603182,603182,嘉华股份,sh,main_board
sh.603183,603183,建研院,sh,main_board
sh.603185,603185,弘元绿能,sh,main_board
sh.603186,603186,华正新材,sh,main_board
sh.603187,603187,海容冷链,sh,main_board
sh.603188,603188,亚邦股份,sh,main_board
sh.603190,603190,亚通精工,sh,main_board
sh.603191,603191,望变电气,sh,main_board
sh.603192,603192,汇得科技,sh,main_board
sh.603193,603193,润本股份,sh,main_board
sh.603194,603194,中力股份,sh,main_board
sh.603195,603195,公牛集团,sh,main_board
sh.603196,603196,璞源材料,sh,main_board
sh.603197,603197,保隆科技,sh,main_board
sh.603198,603198,迎驾贡酒,sh,main_board
sh.603199,603199,九华旅游,sh,main_board
sh.603200,603200,上海洗霸,sh,main_board
sh.603201,603201,常润股份,sh,main_board
sh.603202,603202,天有为,sh,main_board
sh.603203,603203,快克智能,sh,main_board
sh.603205,603205,健尔康,sh,main_board
sh.603206,603206,嘉环科技,sh,main_board
sh.603207,603207,小方制药,sh,main_board
sh.603208,603208,江山欧派,sh,main_board
sh.603209,603209,兴通股份,sh,main_board
sh.603210,603210,泰鸿万立,sh,main_board
sh.603211,603211,晋拓股份,sh,main_board
sh.603212,603212,赛伍技术,sh,main_board
sh.603213,603213,镇洋发展,sh,main_board
sh.603214,603214,爱婴室,sh,main_board
sh.603215,603215,比依股份,sh,main_board
sh.603216,603216,梦天家居,sh,main_board
sh.603217,603217,元利科技,sh,main_board
sh.603218,603218,日月股份,sh,main_board
sh.603219,603219,富佳股份,sh,main_board
sh.603220,603220,中贝通信,sh,main_board
sh.603221,603221,爱丽家居,sh,main_board
sh.603222,603222,济民健康,sh,main_board
sh.603223,603223,恒通股份,sh,main_board
sh.603225,603225,新凤鸣,sh,main_board
sh.603226,603226,菲林格尔,sh,main_board
sh.603227,603227,雪峰科技,sh,main_board
sh.603228,603228,景旺电子,sh,main_board
sh.603229,603229,奥翔药业,sh,main_board
sh.603230,603230,内蒙新华,sh,main_board
sh.603231,603231,索宝蛋白,sh,main_board
sh.603232,603232,格尔软件,sh,main_board
sh.603233,603233,大参林,sh,main_board
sh.603235,603235,天新药业,sh,main_board
sh.603236,603236,移远通信,sh,main_board
sh.603237,603237,五芳斋,sh,main_board
sh.603238,603238,诺邦股份,sh,main_board
sh.603239,603239,浙江仙通,sh,main_board
sh.603248,603248,锡华科技,sh,main_board
sh.603255,603255,鼎际得,sh,main_board
sh.603256,603256,宏和科技,sh,main_board
sh.603257,603257,中国瑞林,sh,main_board
sh.603258,603258,电魂网络,sh,main_board
sh.603259,603259,药明康德,sh,main_board
sh.603260,603260,合盛硅业,sh,main_board
sh.603262,603262,技源集团,sh,main_board
sh.603266,603266,天龙股份,sh,main_board
sh.603267,603267,鸿远电子,sh,main_board
sh.603268,603268,松发股份,sh,main_board
sh.603269,603269,海鸥股份,sh,main_board
sh.603270,603270,金帝股份,sh,main_board
sh.603271,603271,永杰新材,sh,main_board
sh.603273,603273,天元智能,sh,main_board
sh.603275,603275,众辰科技,sh,main_board
sh.603276,603276,恒兴新材,sh,main_board
sh.603277,603277,银都股份,sh,main_board
sh.603278,603278,大业股份,sh,main_board
sh.603279,603279,景津装备,sh,main_board
sh.603280,603280,南方路机,sh,main_board
sh.603281,603281,江瀚新材,sh,main_board
sh.603282,603282,亚光股份,sh,main_board
sh.603283,603283,赛腾股份,sh,main_board
sh.603284,603284,林平发展,sh,main_board
sh.603285,603285,键邦股份,sh,main_board
sh.603286,603286,日盈电子,sh,main_board
sh.603288,603288,海天味业,sh,main_board
sh.603289,603289,泰瑞机器,sh,main_board
sh.603290,603290,斯达半导,sh,main_board
sh.603291,603291,联合水务,sh,main_board
sh.603293,603293,埃泰克,sh,main_board
sh.603296,603296,华勤技术,sh,main_board
sh.603297,603297,永新光学,sh,main_board
sh.603298,603298,杭叉集团,sh,main_board
sh.603299,603299,苏盐井神,sh,main_board
sh.603300,603300,海南华铁,sh,main_board
sh.603301,603301,振德医疗,sh,main_board
sh.603303,603303,得邦照明,sh,main_board
sh.603305,603305,旭升集团,sh,main_board
sh.603306,603306,华懋科技,sh,main_board
sh.603307,603307,扬州金泉,sh,main_board
sh.603308,603308,应流股份,sh,main_board
sh.603309,603309,维力医疗,sh,main_board
sh.603310,603310,巍华新材,sh,main_board
sh.603311,603311,金海高科,sh,main_board
sh.603312,603312,西典新能,sh,main_board
sh.603313,603313,梦百合,sh,main_board
sh.603315,603315,福鞍股份,sh,main_board
sh.603316,603316,诚邦股份,sh,main_board
sh.603317,603317,天味食品,sh,main_board
sh.603318,603318,水发燃气,sh,main_board
sh.603319,603319,美湖股份,sh,main_board
sh.603320,603320,迪贝电气,sh,main_board
sh.603321,603321,梅轮电梯,sh,main_board
sh.603322,603322,超讯通信,sh,main_board
sh.603323,603323,苏农银行,sh,main_board
sh.603324,603324,盛剑科技,sh,main_board
sh.603325,603325,博隆技术,sh,main_board
sh.603326,603326,我乐家居,sh,main_board
sh.603327,603327,福蓉科技,sh,main_board
sh.603328,603328,依顿电子,sh,main_board
sh.603329,603329,上海雅仕,sh,main_board
sh.603330,603330,天洋新材,sh,main_board
sh.603331,603331,百达精工,sh,main_board
sh.603332,603332,苏州龙杰,sh,main_board
sh.603333,603333,尚纬股份,sh,main_board
sh.603334,603334,丰倍生物,sh,main_board
sh.603335,603335,迪生力,sh,main_board
sh.603336,603336,宏辉果蔬,sh,main_board
sh.603337,603337,杰克科技,sh,main_board
sh.603338,603338,浙江鼎力,sh,main_board
sh.603339,603339,四方科技,sh,main_board
sh.603341,603341,龙旗科技,sh,main_board
sh.603344,603344,星德胜,sh,main_board
sh.603345,603345,安井食品,sh,main_board
sh.603348,603348,文灿股份,sh,main_board
sh.603350,603350,安乃达,sh,main_board
sh.603351,603351,威尔药业,sh,main_board
sh.603352,603352,至信股份,sh,main_board
sh.603353,603353,和顺石油,sh,main_board
sh.603355,603355,莱克电气,sh,main_board
sh.603356,603356,华菱精工,sh,main_board
sh.603357,603357,设计总院,sh,main_board
sh.603358,603358,华达科技,sh,main_board
sh.603360,603360,百傲化学,sh,main_board
sh.603363,603363,傲农生物,sh,main_board
sh.603365,603365,水星家纺,sh,main_board
sh.603366,603366,日出东方,sh,main_board
sh.603367,603367,辰欣药业,sh,main_board
sh.603368,603368,柳药集团,sh,main_board
sh.603369,603369,今世缘,sh,main_board
sh.603370,603370,华新精科,sh,main_board
sh.603373,603373,安邦护卫,sh,main_board
sh.603375,603375,盛景微,sh,main_board
sh.603376,603376,大明电子,sh,main_board
sh.603379,603379,三美股份,sh,main_board
sh.603380,603380,易德龙,sh,main_board
sh.603381,603381,永臻股份,sh,main_board
sh.603382,603382,海阳科技,sh,main_board
sh.603383,603383,顶点软件,sh,main_board
sh.603385,603385,惠达卫浴,sh,main_board
sh.603386,603386,骏亚科技,sh,main_board
sh.603387,603387,基蛋生物,sh,main_board
sh.603390,603390,通达电气,sh,main_board
sh.603391,603391,力聚热能,sh,main_board
sh.603392,603392,万泰生物,sh,main_board
sh.603393,603393,新天然气,sh,main_board
sh.603395,603395,红四方,sh,main_board
sh.603396,603396,金辰股份,sh,main_board
sh.603399,603399,永杉锂业,sh,main_board
sh.603400,603400,华之杰,sh,main_board
sh.603402,603402,陕西旅游,sh,main_board
sh.603406,603406,天富龙,sh,main_board
sh.603408,603408,建霖家居,sh,main_board
sh.603409,603409,汇通控股,sh,main_board
sh.603416,603416,信捷电气,sh,main_board
sh.603418,603418,友升股份,sh,main_board
sh.603421,603421,鼎信通讯,sh,main_board
sh.603439,603439,三力制药,sh,main_board
sh.603444,603444,吉比特,sh,main_board
sh.603456,603456,九洲药业,sh,main_board
sh.603458,603458,勘设股份,sh,main_board
sh.603459,603459,红板科技,sh,main_board
sh.603466,603466,风语筑,sh,main_board
sh.603477,603477,巨星农牧,sh,main_board
sh.603486,603486,科沃斯,sh,main_board
sh.603488,603488,展鹏科技,sh,main_board
sh.603489,603489,八方股份,sh,main_board
sh.603496,603496,恒为科技,sh,main_board
sh.603499,603499,翔港科技,sh,main_board
sh.603500,603500,祥和实业,sh,main_board
sh.603501,603501,豪威集团,sh,main_board
sh.603505,603505,金石资源,sh,main_board
sh.603506,603506,南都物业,sh,main_board
sh.603507,603507,振江股份,sh,main_board
sh.603508,603508,思维列控,sh,main_board
sh.603511,603511,爱慕股份,sh,main_board
sh.603515,603515,欧普照明,sh,main_board
sh.603516,603516,淳中科技,sh,main_board
sh.603518,603518,锦泓集团,sh,main_board
sh.603519,603519,立霸股份,sh,main_board
sh.603520,603520,司太立,sh,main_board
sh.603527,603527,众源新材,sh,main_board
sh.603528,603528,多伦科技,sh,main_board
sh.603529,603529,爱玛科技,sh,main_board
sh.603530,603530,神马电力,sh,main_board
sh.603533,603533,掌阅科技,sh,main_board
sh.603535,603535,嘉诚国际,sh,main_board
sh.603536,603536,惠发食品,sh,main_board
sh.603538,603538,美诺华,sh,main_board
sh.603551,603551,奥普科技,sh,main_board
sh.603556,603556,海兴电力,sh,main_board
sh.603558,603558,健盛集团,sh,main_board
sh.603565,603565,中谷物流,sh,main_board
sh.603566,603566,普莱柯,sh,main_board
sh.603567,603567,珍宝岛,sh,main_board
sh.603568,603568,伟明环保,sh,main_board
sh.603569,603569,长久物流,sh,main_board
sh.603577,603577,汇金通,sh,main_board
sh.603578,603578,三星新材,sh,main_board
sh.603579,603579,荣泰健康,sh,main_board
sh.603583,603583,捷昌驱动,sh,main_board
sh.603585,603585,苏利股份,sh,main_board
sh.603586,603586,金麒麟,sh,main_board
sh.603587,603587,地素时尚,sh,main_board
sh.603588,603588,高能环境,sh,main_board
sh.603589,603589,口子窖,sh,main_board
sh.603590,603590,康辰药业,sh,main_board
sh.603596,603596,伯特利,sh,main_board
sh.603598,603598,引力传媒,sh,main_board
sh.603599,603599,广信股份,sh,main_board
sh.603600,603600,永艺股份,sh,main_board
sh.603601,603601,再升科技,sh,main_board
sh.603602,603602,纵横通信,sh,main_board
sh.603605,603605,珀莱雅,sh,main_board
sh.603606,603606,东方电缆,sh,main_board
sh.603607,603607,京华激光,sh,main_board
sh.603608,603608,天创时尚,sh,main_board
sh.603609,603609,禾丰股份,sh,main_board
sh.603610,603610,麒盛科技,sh,main_board
sh.603611,603611,诺力股份,sh,main_board
sh.603612,603612,索通发展,sh,main_board
sh.603613,603613,国联股份,sh,main_board
sh.603615,603615,茶花股份,sh,main_board
sh.603616,603616,韩建河山,sh,main_board
sh.603617,603617,君禾股份,sh,main_board
sh.603618,603618,杭电股份,sh,main_board
sh.603619,603619,中曼石油,sh,main_board
sh.603626,603626,科森科技,sh,main_board
sh.603628,603628,清源股份,sh,main_board
sh.603629,603629,利通电子,sh,main_board
sh.603630,603630,拉芳家化,sh,main_board
sh.603633,603633,徕木股份,sh,main_board
sh.603636,603636,南威软件,sh,main_board
sh.603637,603637,镇海股份,sh,main_board
sh.603638,603638,艾迪精密,sh,main_board
sh.603639,603639,海利尔,sh,main_board
sh.603648,603648,畅联股份,sh,main_board
sh.603650,603650,彤程新材,sh,main_board
sh.603655,603655,朗博科技,sh,main_board
sh.603656,603656,泰禾智能,sh,main_board
sh.603657,603657,春光科技,sh,main_board
sh.603658,603658,安图生物,sh,main_board
sh.603659,603659,璞泰来,sh,main_board
sh.603660,603660,苏州科达,sh,main_board
sh.603661,603661,恒林股份,sh,main_board
sh.603662,603662,柯力传感,sh,main_board
sh.603663,603663,三祥新材,sh,main_board
sh.603665,603665,康隆达,sh,main_board
sh.603666,603666,亿嘉和,sh,main_board
sh.603667,603667,五洲新春,sh,main_board
sh.603668,603668,天马科技,sh,main_board
sh.603669,603669,灵康药业,sh,main_board
sh.603676,603676,卫信康,sh,main_board
sh.603677,603677,奇精机械,sh,main_board
sh.603678,603678,火炬电子,sh,main_board
sh.603679,603679,华体科技,sh,main_board
sh.603680,603680,今创集团,sh,main_board
sh.603681,603681,永冠新材,sh,main_board
sh.603682,603682,锦和商管,sh,main_board
sh.603683,603683,晶华新材,sh,main_board
sh.603685,603685,晨丰科技,sh,main_board
sh.603686,603686,福龙马,sh,main_board
sh.603687,603687,大胜达,sh,main_board
sh.603688,603688,石英股份,sh,main_board
sh.603689,603689,皖天然气,sh,main_board
sh.603690,603690,至纯科技,sh,main_board
sh.603693,603693,江苏新能,sh,main_board
sh.603696,603696,安记食品,sh,main_board
sh.603697,603697,有友食品,sh,main_board
sh.603698,603698,航天工程,sh,main_board
sh.603699,603699,纽威股份,sh,main_board
sh.603700,603700,宁水集团,sh,main_board
sh.603701,603701,德宏股份,sh,main_board
sh.603703,603703,盛洋科技,sh,main_board
sh.603706,603706,东方环宇,sh,main_board
sh.603707,603707,健友股份,sh,main_board
sh.603708,603708,家家悦,sh,main_board
sh.603709,603709,中源家居,sh,main_board
sh.603711,603711,香飘飘,sh,main_board
sh.603712,603712,七一二,sh,main_board
sh.603713,603713,密尔克卫,sh,main_board
sh.603716,603716,塞力医疗,sh,main_board
sh.603717,603717,天域生物,sh,main_board
sh.603719,603719,良品铺子,sh,main_board
sh.603722,603722,阿科力,sh,main_board
sh.603725,603725,天安新材,sh,main_board
sh.603726,603726,朗迪集团,sh,main_board
sh.603727,603727,博迈科,sh,main_board
sh.603728,603728,鸣志电器,sh,main_board
sh.603730,603730,岱美股份,sh,main_board
sh.603733,603733,仙鹤股份,sh,main_board
sh.603737,603737,三棵树,sh,main_board
sh.603738,603738,泰晶科技,sh,main_board
sh.603739,603739,蔚蓝生物,sh,main_board
sh.603755,603755,日辰股份,sh,main_board
sh.603757,603757,大元泵业,sh,main_board
sh.603758,603758,秦安股份,sh,main_board
sh.603759,603759,海天股份,sh,main_board
sh.603766,603766,隆鑫通用,sh,main_board
sh.603767,603767,中马传动,sh,main_board
sh.603768,603768,常青股份,sh,main_board
sh.603773,603773,沃格光电,sh,main_board
sh.603776,603776,永安行,sh,main_board
sh.603777,603777,来伊份,sh,main_board
sh.603778,603778,国晟科技,sh,main_board
sh.603779,603779,威龙股份,sh,main_board
sh.603786,603786,科博达,sh,main_board
sh.603787,603787,新日股份,sh,main_board
sh.603788,603788,宁波高发,sh,main_board
sh.603790,603790,雅运股份,sh,main_board
sh.603797,603797,联泰环保,sh,main_board
sh.603798,603798,康普顿,sh,main_board
sh.603799,603799,华友钴业,sh,main_board
sh.603800,603800,洪田股份,sh,main_board
sh.603801,603801,志邦家居,sh,main_board
sh.603803,603803,瑞斯康达,sh,main_board
sh.603806,603806,福斯特,sh,main_board
sh.603808,603808,歌力思,sh,main_board
sh.603809,603809,豪能股份,sh,main_board
sh.603810,603810,丰山集团,sh,main_board
sh.603811,603811,诚意药业,sh,main_board
sh.603815,603815,交建股份,sh,main_board
sh.603816,603816,顾家家居,sh,main_board
sh.603817,603817,海峡环保,sh,main_board
sh.603818,603818,曲美家居,sh,main_board
sh.603819,603819,神力股份,sh,main_board
sh.603823,603823,百合花,sh,main_board
sh.603826,603826,坤彩科技,sh,main_board
sh.603829,603829,洛凯股份,sh,main_board
sh.603833,603833,欧派家居,sh,main_board
sh.603836,603836,海程邦达,sh,main_board
sh.603839,603839,安正时尚,sh,main_board
sh.603848,603848,好太太,sh,main_board
sh.603855,603855,华荣股份,sh,main_board
sh.603856,603856,东宏股份,sh,main_board
sh.603858,603858,步长制药,sh,main_board
sh.603859,603859,能科科技,sh,main_board
sh.603860,603860,中公高科,sh,main_board
sh.603861,603861,白云电器,sh,main_board
sh.603863,603863,松炀资源,sh,main_board
sh.603866,603866,桃李面包,sh,main_board
sh.603867,603867,新化股份,sh,main_board
sh.603868,603868,飞科电器,sh,main_board
sh.603871,603871,嘉友国际,sh,main_board
sh.603876,603876,鼎胜新材,sh,main_board
sh.603877,603877,太平鸟,sh,main_board
sh.603878,603878,武进不锈,sh,main_board
sh.603879,603879,永悦科技,sh,main_board
sh.603880,603880,南卫股份,sh,main_board
sh.603881,603881,数据港,sh,main_board
sh.603882,603882,金域医学,sh,main_board
sh.603883,603883,老百姓,sh,main_board
sh.603885,603885,吉祥航空,sh,main_board
sh.603886,603886,元祖股份,sh,main_board
sh.603887,603887,城地香江,sh,main_board
sh.603888,603888,新华网,sh,main_board
sh.603889,603889,新澳股份,sh,main_board
sh.603890,603890,春秋电子,sh,main_board
sh.603893,603893,瑞芯微,sh,main_board
sh.603895,603895,天永智能,sh,main_board
sh.603896,603896,寿仙谷,sh,main_board
sh.603897,603897,长城科技,sh,main_board
sh.603898,603898,好莱客,sh,main_board
sh.603899,603899,晨光股份,sh,main_board
sh.603900,603900,莱绅通灵,sh,main_board
sh.603901,603901,永创智能,sh,main_board
sh.603903,603903,中持股份,sh,main_board
sh.603906,603906,龙蟠科技,sh,main_board
sh.603908,603908,牧高笛,sh,main_board
sh.603909,603909,建发合诚,sh,main_board
sh.603912,603912,佳力图,sh,main_board
sh.603915,603915,国茂股份,sh,main_board
sh.603916,603916,苏博特,sh,main_board
sh.603917,603917,合力科技,sh,main_board
sh.603918,603918,金桥信息,sh,main_board
sh.603919,603919,金徽酒,sh,main_board
sh.603920,603920,世运电路,sh,main_board
sh.603926,603926,铁流股份,sh,main_board
sh.603927,603927,中科软,sh,main_board
sh.603928,603928,兴业股份,sh,main_board
sh.603929,603929,亚翔集成,sh,main_board
sh.603931,603931,格林达,sh,main_board
sh.603933,603933,睿能科技,sh,main_board
sh.603936,603936,博敏电子,sh,main_board
sh.603937,603937,丽岛新材,sh,main_board
sh.603938,603938,三孚股份,sh,main_board
sh.603939,603939,益丰药房,sh,main_board
sh.603948,603948,建业股份,sh,main_board
sh.603949,603949,雪龙集团,sh,main_board
sh.603950,603950,长源东谷,sh,main_board
sh.603955,603955,大千生态,sh,main_board
sh.603956,603956,威派格,sh,main_board
sh.603958,603958,哈森股份,sh,main_board
sh.603960,603960,克来机电,sh,main_board
sh.603966,603966,法兰泰克,sh,main_board
sh.603967,603967,中创物流,sh,main_board
sh.603968,603968,醋化股份,sh,main_board
sh.603969,603969,银龙股份,sh,main_board
sh.603970,603970,中农立华,sh,main_board
sh.603976,603976,正川股份,sh,main_board
sh.603977,603977,国泰集团,sh,main_board
sh.603978,603978,深圳新星,sh,main_board
sh.603979,603979,金诚信,sh,main_board
sh.603980,603980,吉华集团,sh,main_board
sh.603982,603982,泉峰汽车,sh,main_board
sh.603983,603983,丸美生物,sh,main_board
sh.603985,603985,恒润股份,sh,main_board
sh.603986,603986,兆易创新,sh,main_board
sh.603987,603987,康德莱,sh,main_board
sh.603988,603988,中电电机,sh,main_board
sh.603989,603989,艾华集团,sh,main_board
sh.603990,603990,麦迪科技,sh,main_board
sh.603991,603991,至正股份,sh,main_board
sh.603992,603992,松霖科技,sh,main_board
sh.603993,603993,洛阳钼业,sh,main_board
sh.603995,603995,甬金股份,sh,main_board
sh.603997,603997,继峰股份,sh,main_board
sh.603998,603998,方盛制药,sh,main_board
sh.603999,603999,读者传媒,sh,main_board
sh.605001,605001,威奥股份,sh,main_board
sh.605003,605003,众望布艺,sh,main_board
sh.605005,605005,合兴股份,sh,main_board
sh.605006,605006,山东玻纤,sh,main_board
sh.605007,605007,五洲特纸,sh,main_board
sh.605008,605008,长鸿高科,sh,main_board
sh.605009,605009,豪悦护理,sh,main_board
sh.605011,605011,杭州热电,sh,main_board
sh.605016,605016,百龙创园,sh,main_board
sh.605018,605018,长华集团,sh,main_board
sh.605020,605020,永和股份,sh,main_board
sh.605028,605028,世茂能源,sh,main_board
sh.605033,605033,美邦股份,sh,main_board
sh.605050,605050,福然德,sh,main_board
sh.605055,605055,迎丰股份,sh,main_board
sh.605056,605056,咸亨国际,sh,main_board
sh.605058,605058,澳弘电子,sh,main_board
sh.605060,605060,联德股份,sh,main_board
sh.605066,605066,天正电气,sh,main_board
sh.605068,605068,明新旭腾,sh,main_board
sh.605069,605069,正和生态,sh,main_board
sh.605077,605077,华康股份,sh,main_board
sh.605080,605080,浙江自然,sh,main_board
sh.605086,605086,龙高股份,sh,main_board
sh.605088,605088,冠盛股份,sh,main_board
sh.605089,605089,味知香,sh,main_board
sh.605090,605090,九丰能源,sh,main_board
sh.605098,605098,行动教育,sh,main_board
sh.605099,605099,共创草坪,sh,main_board
sh.605100,605100,华丰股份,sh,main_board
sh.605108,605108,同庆楼,sh,main_board
sh.605111,605111,新洁能,sh,main_board
sh.605116,605116,奥锐特,sh,main_board
sh.605117,605117,德业股份,sh,main_board
sh.605118,605118,力鼎光电,sh,main_board
sh.605122,605122,四方新材,sh,main_board
sh.605123,605123,派克新材,sh,main_board
sh.605128,605128,上海沿浦,sh,main_board
sh.605133,605133,嵘泰股份,sh,main_board
sh.605136,605136,丽人丽妆,sh,main_board
sh.605138,605138,盛泰集团,sh,main_board
sh.605151,605151,西上海,sh,main_board
sh.605155,605155,西大门,sh,main_board
sh.605158,605158,华达新材,sh,main_board
sh.605162,605162,新中港,sh,main_board
sh.605166,605166,聚合顺,sh,main_board
sh.605167,605167,利柏特,sh,main_board
sh.605168,605168,三人行,sh,main_board
sh.605169,605169,洪通燃气,sh,main_board
sh.605177,605177,东亚药业,sh,main_board
sh.605178,605178,时空科技,sh,main_board
sh.605179,605179,一鸣食品,sh,main_board
sh.605180,605180,华生科技,sh,main_board
sh.605183,605183,确成股份,sh,main_board
sh.605186,605186,健麾信息,sh,main_board
sh.605188,605188,国光连锁,sh,main_board
sh.605189,605189,富春染织,sh,main_board
sh.605196,605196,华通线缆,sh,main_board
sh.605198,605198,安德利,sh,main_board
sh.605208,605208,永茂泰,sh,main_board
sh.605218,605218,伟时电子,sh,main_board
sh.605222,605222,起帆电缆,sh,main_board
sh.605228,605228,神通科技,sh,main_board
sh.605255,605255,天普股份,sh,main_board
sh.605258,605258,协和电子,sh,main_board
sh.605259,605259,绿田机械,sh,main_board
sh.605266,605266,健之佳,sh,main_board
sh.605268,605268,王力安防,sh,main_board
sh.605277,605277,新亚电子,sh,main_board
sh.605286,605286,同力天启,sh,main_board
sh.605287,605287,德才股份,sh,main_board
sh.605288,605288,凯迪股份,sh,main_board
sh.605289,605289,罗曼股份,sh,main_board
sh.605296,605296,神农集团,sh,main_board
sh.605298,605298,必得科技,sh,main_board
sh.605299,605299,舒华体育,sh,main_board
sh.605300,605300,佳禾食品,sh,main_board
sh.605303,605303,园林股份,sh,main_board
sh.605305,605305,中际联合,sh,main_board
sh.605318,605318,法狮龙,sh,main_board
sh.605319,605319,无锡振华,sh,main_board
sh.605333,605333,沪光股份,sh,main_board
sh.605337,605337,李子园,sh,main_board
sh.605338,605338,巴比食品,sh,main_board
sh.605339,605339,南侨食品,sh,main_board
sh.605358,605358,立昂微,sh,main_board
sh.605365,605365,立达信,sh,main_board
sh.605366,605366,宏柏新材,sh,main_board
sh.605368,605368,蓝天燃气,sh,main_board
sh.605369,605369,拱东医疗,sh,main_board
sh.605376,605376,博迁新材,sh,main_board
sh.605377,605377,华旺科技,sh,main_board
sh.605378,605378,野马电池,sh,main_board
sh.605388,605388,均瑶健康,sh,main_board
sh.605389,605389,长龄液压,sh,main_board
sh.605398,605398,新炬网络,sh,main_board
sh.605399,605399,晨光新材,sh,main_board
sh.605488,605488,福莱新材,sh,main_board
sh.605499,605499,东鹏饮料,sh,main_board
sh.605500,605500,森林包装,sh,main_board
sh.605507,605507,国邦医药,sh,main_board
sh.605555,605555,德昌股份,sh,main_board
sh.605566,605566,福莱蒽特,sh,main_board
sh.605567,605567,春雪食品,sh,main_board
sh.605577,605577,龙版传媒,sh,main_board
sh.605580,605580,恒盛能源,sh,main_board
sh.605588,605588,冠石科技,sh,main_board
sh.605589,605589,圣泉集团,sh,main_board
sh.605598,605598,上海港湾,sh,main_board
sh.605599,605599,菜百股份,sh,main_board
sz.000001,000001,平安银行,sz,main_board
sz.000002,000002,万  科Ａ,sz,main_board
sz.000006,000006,深振业Ａ,sz,main_board
sz.000007,000007,全新好,sz,main_board
sz.000008,000008,神州高铁,sz,main_board
sz.000009,000009,中国宝安,sz,main_board
sz.000011,000011,深物业A,sz,main_board
sz.000012,000012,南  玻Ａ,sz,main_board
sz.000014,000014,沙河股份,sz,main_board
sz.000017,000017,深中华A,sz,main_board
sz.000019,000019,深粮控股,sz,main_board
sz.000020,000020,深华发Ａ,sz,main_board
sz.000021,000021,深科技,sz,main_board
sz.000025,000025,特  力Ａ,sz,main_board
sz.000026,000026,飞亚达,sz,main_board
sz.000027,000027,深圳能源,sz,main_board
sz.000028,000028,国药一致,sz,main_board
sz.000029,000029,深深房Ａ,sz,main_board
sz.000030,000030,富奥股份,sz,main_board
sz.000031,000031,大悦城,sz,main_board
sz.000032,000032,深桑达Ａ,sz,main_board
sz.000034,000034,神州数码,sz,main_board
sz.000035,000035,中国天楹,sz,main_board
sz.000036,000036,华联控股,sz,main_board
sz.000037,000037,深南电A,sz,main_board
sz.000039,000039,中集集团,sz,main_board
sz.000042,000042,中洲控股,sz,main_board
sz.000045,000045,深纺织Ａ,sz,main_board
sz.000048,000048,京基智农,sz,main_board
sz.000049,000049,德赛电池,sz,main_board
sz.000050,000050,深天马Ａ,sz,main_board
sz.000055,000055,方大集团,sz,main_board
sz.000058,000058,深 赛 格,sz,main_board
sz.000059,000059,华锦股份,sz,main_board
sz.000060,000060,中金岭南,sz,main_board
sz.000061,000061,农 产 品,sz,main_board
sz.000062,000062,深圳华强,sz,main_board
sz.000063,000063,中兴通讯,sz,main_board
sz.000065,000065,北方国际,sz,main_board
sz.000066,000066,中国长城,sz,main_board
sz.000068,000068,华控赛格,sz,main_board
sz.000069,000069,华侨城Ａ,sz,main_board
sz.000070,000070,特发信息,sz,main_board
sz.000088,000088,盐 田 港,sz,main_board
sz.000089,000089,深圳机场,sz,main_board
sz.000090,000090,天健集团,sz,main_board
sz.000096,000096,广聚能源,sz,main_board
sz.000099,000099,中信海直,sz,main_board
sz.000100,000100,TCL科技,sz,main_board
sz.000151,000151,中成股份,sz,main_board
sz.000153,000153,丰原药业,sz,main_board
sz.000155,000155,川能动力,sz,main_board
sz.000156,000156,华数传媒,sz,main_board
sz.000157,000157,中联重科,sz,main_board
sz.000158,000158,常山北明,sz,main_board
sz.000159,000159,国际实业,sz,main_board
sz.000166,000166,申万宏源,sz,main_board
sz.000301,000301,东方盛虹,sz,main_board
sz.000333,000333,美的集团,sz,main_board
sz.000338,000338,潍柴动力,sz,main_board
sz.000400,000400,许继电气,sz,main_board
sz.000401,000401,金隅冀东,sz,main_board
sz.000402,000402,金 融 街,sz,main_board
sz.000403,000403,派林生物,sz,main_board
sz.000404,000404,长虹华意,sz,main_board
sz.000407,000407,胜利股份,sz,main_board
sz.000408,000408,藏格矿业,sz,main_board
sz.000409,000409,云鼎科技,sz,main_board
sz.000410,000410,沈阳机床,sz,main_board
sz.000411,000411,英特集团,sz,main_board
sz.000415,000415,渤海租赁,sz,main_board
sz.000417,000417,合百集团,sz,main_board
sz.000419,000419,通程控股,sz,main_board
sz.000420,000420,吉林化纤,sz,main_board
sz.000421,000421,南京公用,sz,main_board
sz.000422,000422,湖北宜化,sz,main_board
sz.000423,000423,东阿阿胶,sz,main_board
sz.000425,000425,徐工机械,sz,main_board
sz.000426,000426,兴业银锡,sz,main_board
sz.000428,000428,华天酒店,sz,main_board
sz.000429,000429,粤高速Ａ,sz,main_board
sz.000498,000498,山东路桥,sz,main_board
sz.000501,000501,武商集团,sz,main_board
sz.000503,000503,国新健康,sz,main_board
sz.000505,000505,京粮控股,sz,main_board
sz.000506,000506,招金黄金,sz,main_board
sz.000507,000507,珠海港,sz,main_board
sz.000509,000509,华塑控股,sz,main_board
sz.000510,000510,新金路,sz,main_board
sz.000513,000513,丽珠集团,sz,main_board
sz.000514,000514,渝 开 发,sz,main_board
sz.000516,000516,国际医学,sz,main_board
sz.000517,000517,荣安地产,sz,main_board
sz.000519,000519,中兵红箭,sz,main_board
sz.000520,000520,凤凰航运,sz,main_board
sz.000521,000521,长虹美菱,sz,main_board
sz.000523,000523,红棉股份,sz,main_board
sz.000524,000524,岭南控股,sz,main_board
sz.000525,000525,红太阳,sz,main_board
sz.000526,000526,学大教育,sz,main_board
sz.000528,000528,柳    工,sz,main_board
sz.000529,000529,广弘控股,sz,main_board
sz.000530,000530,冰山冷热,sz,main_board
sz.000531,000531,穗恒运Ａ,sz,main_board
sz.000532,000532,华金资本,sz,main_board
sz.000533,000533,顺钠股份,sz,main_board
sz.000534,000534,万泽股份,sz,main_board
sz.000536,000536,华映科技,sz,main_board
sz.000537,000537,绿发电力,sz,main_board
sz.000538,000538,云南白药,sz,main_board
sz.000539,000539,粤电力Ａ,sz,main_board
sz.000541,000541,佛山照明,sz,main_board
sz.000543,000543,皖能电力,sz,main_board
sz.000544,000544,中原环保,sz,main_board
sz.000545,000545,金浦钛业,sz,main_board
sz.000546,000546,金圆股份,sz,main_board
sz.000547,000547,航天发展,sz,main_board
sz.000548,000548,湖南投资,sz,main_board
sz.000550,000550,江铃汽车,sz,main_board
sz.000551,000551,创元科技,sz,main_board
sz.000552,000552,甘肃能化,sz,main_board
sz.000553,000553,安道麦A,sz,main_board
sz.000554,000554,泰山石油,sz,main_board
sz.000555,000555,神州信息,sz,main_board
sz.000557,000557,西部创业,sz,main_board
sz.000558,000558,天府文旅,sz,main_board
sz.000559,000559,万向钱潮,sz,main_board
sz.000560,000560,我爱我家,sz,main_board
sz.000561,000561,烽火电子,sz,main_board
sz.000563,000563,陕国投Ａ,sz,main_board
sz.000564,000564,供销大集,sz,main_board
sz.000565,000565,渝三峡Ａ,sz,main_board
sz.000566,000566,海南海药,sz,main_board
sz.000567,000567,海德股份,sz,main_board
sz.000568,000568,泸州老窖,sz,main_board
sz.000570,000570,苏常柴Ａ,sz,main_board
sz.000571,000571,新大洲A,sz,main_board
sz.000572,000572,海马汽车,sz,main_board
sz.000573,000573,粤宏远Ａ,sz,main_board
sz.000576,000576,甘化科工,sz,main_board
sz.000581,000581,威孚高科,sz,main_board
sz.000582,000582,北部湾港,sz,main_board
sz.000586,000586,汇源通信,sz,main_board
sz.000589,000589,贵州轮胎,sz,main_board
sz.000590,000590,古汉医药,sz,main_board
sz.000591,000591,太阳能,sz,main_board
sz.000592,000592,平潭发展,sz,main_board
sz.000593,000593,德龙汇能,sz,main_board
sz.000596,000596,古井贡酒,sz,main_board
sz.000597,000597,东北制药,sz,main_board
sz.000598,000598,兴蓉环境,sz,main_board
sz.000599,000599,青岛双星,sz,main_board
sz.000600,000600,建投能源,sz,main_board
sz.000601,000601,韶能股份,sz,main_board
sz.000603,000603,盛达资源,sz,main_board
sz.000605,000605,渤海股份,sz,main_board
sz.000607,000607,华媒控股,sz,main_board
sz.000612,000612,焦作万方,sz,main_board
sz.000617,000617,中油资本,sz,main_board
sz.000619,000619,海螺新材,sz,main_board
sz.000620,000620,盈新发展,sz,main_board
sz.000623,000623,吉林敖东,sz,main_board
sz.000625,000625,长安汽车,sz,main_board
sz.000626,000626,远大控股,sz,main_board
sz.000628,000628,高新发展,sz,main_board
sz.000629,000629,钒钛股份,sz,main_board
sz.000630,000630,铜陵有色,sz,main_board
sz.000631,000631,顺发恒能,sz,main_board
sz.000633,000633,合金投资,sz,main_board
sz.000635,000635,英 力 特,sz,main_board
sz.000636,000636,风华高科,sz,main_board
sz.000637,000637,茂化实华,sz,main_board
sz.000650,000650,仁和药业,sz,main_board
sz.000651,000651,格力电器,sz,main_board
sz.000652,000652,泰达股份,sz,main_board
sz.000655,000655,金岭矿业,sz,main_board
sz.000657,000657,中钨高新,sz,main_board
sz.000659,000659,珠海中富,sz,main_board
sz.000661,000661,长春高新,sz,main_board
sz.000663,000663,永安林业,sz,main_board
sz.000665,000665,湖北广电,sz,main_board
sz.000670,000670,盈方微,sz,main_board
sz.000672,000672,上峰水泥,sz,main_board
sz.000676,000676,智度股份,sz,main_board
sz.000678,000678,襄阳轴承,sz,main_board
sz.000679,000679,大连友谊,sz,main_board
sz.000680,000680,山推股份,sz,main_board
sz.000681,000681,视觉中国,sz,main_board
sz.000682,000682,东方电子,sz,main_board
sz.000683,000683,博源化工,sz,main_board
sz.000685,000685,中山公用,sz,main_board
sz.000686,000686,东北证券,sz,main_board
sz.000688,000688,国城矿业,sz,main_board
sz.000690,000690,宝新能源,sz,main_board
sz.000692,000692,惠天热电,sz,main_board
sz.000695,000695,滨海能源,sz,main_board
sz.000697,000697,炼石航空,sz,main_board
sz.000700,000700,模塑科技,sz,main_board
sz.000701,000701,厦门信达,sz,main_board
sz.000702,000702,正虹科技,sz,main_board
sz.000703,000703,恒逸石化,sz,main_board
sz.000705,000705,浙江震元,sz,main_board
sz.000707,000707,双环科技,sz,main_board
sz.000708,000708,中信特钢,sz,main_board
sz.000709,000709,河钢股份,sz,main_board
sz.000710,000710,贝瑞基因,sz,main_board
sz.000712,000712,锦龙股份,sz,main_board
sz.000713,000713,国投丰乐,sz,main_board
sz.000715,000715,中兴商业,sz,main_board
sz.000716,000716,黑芝麻,sz,main_board
sz.000717,000717,中南股份,sz,main_board
sz.000718,000718,苏宁环球,sz,main_board
sz.000719,000719,中原传媒,sz,main_board
sz.000720,000720,新能泰山,sz,main_board
sz.000721,000721,西安饮食,sz,main_board
sz.000722,000722,湖南发展,sz,main_board
sz.000723,000723,美锦能源,sz,main_board
sz.000725,000725,京东方Ａ,sz,main_board
sz.000726,000726,鲁  泰Ａ,sz,main_board
sz.000727,000727,冠捷科技,sz,main_board
sz.000728,000728,国元证券,sz,main_board
sz.000729,000729,燕京啤酒,sz,main_board
sz.000731,000731,四川美丰,sz,main_board
sz.000733,000733,振华科技,sz,main_board
sz.000735,000735,罗 牛 山,sz,main_board
sz.000737,000737,北方铜业,sz,main_board
sz.000738,000738,航发控制,sz,main_board
sz.000739,000739,普洛药业,sz,main_board
sz.000750,000750,国海证券,sz,main_board
sz.000751,000751,锌业股份,sz,main_board
sz.000753,000753,漳州发展,sz,main_board
sz.000755,000755,山西高速,sz,main_board
sz.000756,000756,新华制药,sz,main_board
sz.000757,000757,浩物股份,sz,main_board
sz.000758,000758,中色股份,sz,main_board
sz.000759,000759,中百集团,sz,main_board
sz.000761,000761,本钢板材,sz,main_board
sz.000762,000762,西藏矿业,sz,main_board
sz.000766,000766,通化金马,sz,main_board
sz.000767,000767,晋控电力,sz,main_board
sz.000768,000768,中航西飞,sz,main_board
sz.000776,000776,广发证券,sz,main_board
sz.000777,000777,中核科技,sz,main_board
sz.000778,000778,新兴铸管,sz,main_board
sz.000779,000779,甘咨询,sz,main_board
sz.000782,000782,恒申新材,sz,main_board
sz.000783,000783,长江证券,sz,main_board
sz.000785,000785,居然智家,sz,main_board
sz.000786,000786,北新建材,sz,main_board
sz.000788,000788,北大医药,sz,main_board
sz.000789,000789,万年青,sz,main_board
sz.000790,000790,华神科技,sz,main_board
sz.000791,000791,甘肃能源,sz,main_board
sz.000792,000792,盐湖股份,sz,main_board
sz.000795,000795,英洛华,sz,main_board
sz.000796,000796,凯撒旅业,sz,main_board
sz.000797,000797,中国武夷,sz,main_board
sz.000798,000798,中水渔业,sz,main_board
sz.000799,000799,酒鬼酒,sz,main_board
sz.000800,000800,一汽解放,sz,main_board
sz.000801,000801,四川九洲,sz,main_board
sz.000802,000802,北京文化,sz,main_board
sz.000803,000803,山高环能,sz,main_board
sz.000807,000807,云铝股份,sz,main_board
sz.000809,000809,和展能源,sz,main_board
sz.000810,000810,创维数字,sz,main_board
sz.000811,000811,冰轮环境,sz,main_board
sz.000812,000812,陕西金叶,sz,main_board
sz.000813,000813,德展健康,sz,main_board
sz.000815,000815,美利云,sz,main_board
sz.000816,000816,智慧农业,sz,main_board
sz.000818,000818,航锦科技,sz,main_board
sz.000819,000819,岳阳兴长,sz,main_board
sz.000822,000822,山东海化,sz,main_board
sz.000823,000823,超声电子,sz,main_board
sz.000825,000825,太钢不锈,sz,main_board
sz.000828,000828,东莞控股,sz,main_board
sz.000829,000829,天音控股,sz,main_board
sz.000830,000830,鲁西化工,sz,main_board
sz.000831,000831,中国稀土,sz,main_board
sz.000833,000833,粤桂股份,sz,main_board
sz.000837,000837,秦川机床,sz,main_board
sz.000839,000839,国安股份,sz,main_board
sz.000848,000848,承德露露,sz,main_board
sz.000850,000850,华茂股份,sz,main_board
sz.000852,000852,石化机械,sz,main_board
sz.000856,000856,冀东装备,sz,main_board
sz.000858,000858,五 粮 液,sz,main_board
sz.000859,000859,国风新材,sz,main_board
sz.000860,000860,顺鑫农业,sz,main_board
sz.000862,000862,银星能源,sz,main_board
sz.000863,000863,三湘印象,sz,main_board
sz.000868,000868,安凯客车,sz,main_board
sz.000869,000869,张  裕Ａ,sz,main_board
sz.000875,000875,电投绿能,sz,main_board
sz.000876,000876,新 希 望,sz,main_board
sz.000877,000877,天山股份,sz,main_board
sz.000878,000878,云南铜业,sz,main_board
sz.000880,000880,潍柴重机,sz,main_board
sz.000881,000881,中广核技,sz,main_board
sz.000882,000882,华联股份,sz,main_board
sz.000883,000883,湖北能源,sz,main_board
sz.000885,000885,城发环境,sz,main_board
sz.000886,000886,海南高速,sz,main_board
sz.000887,000887,中鼎股份,sz,main_board
sz.000888,000888,峨眉山Ａ,sz,main_board
sz.000889,000889,中嘉博创,sz,main_board
sz.000890,000890,法尔胜,sz,main_board
sz.000892,000892,欢瑞世纪,sz,main_board
sz.000893,000893,亚钾国际,sz,main_board
sz.000895,000895,双汇发展,sz,main_board
sz.000897,000897,津滨发展,sz,main_board
sz.000898,000898,鞍钢股份,sz,main_board
sz.000899,000899,赣能股份,sz,main_board
sz.000900,000900,现代投资,sz,main_board
sz.000901,000901,航天科技,sz,main_board
sz.000902,000902,新洋丰,sz,main_board
sz.000905,000905,厦门港务,sz,main_board
sz.000906,000906,浙商中拓,sz,main_board
sz.000910,000910,大亚圣象,sz,main_board
sz.000912,000912,泸天化,sz,main_board
sz.000913,000913,钱江摩托,sz,main_board
sz.000915,000915,华特达因,sz,main_board
sz.000917,000917,电广传媒,sz,main_board
sz.000919,000919,金陵药业,sz,main_board
sz.000920,000920,沃顿科技,sz,main_board
sz.000921,000921,海信家电,sz,main_board
sz.000922,000922,佳电股份,sz,main_board
sz.000923,000923,河钢资源,sz,main_board
sz.000925,000925,众合科技,sz,main_board
sz.000926,000926,福星股份,sz,main_board
sz.000927,000927,中国铁物,sz,main_board
sz.000928,000928,中钢国际,sz,main_board
sz.000930,000930,中粮科技,sz,main_board
sz.000931,000931,中 关 村,sz,main_board
sz.000932,000932,华菱钢铁,sz,main_board
sz.000933,000933,神火股份,sz,main_board
sz.000935,000935,四川双马,sz,main_board
sz.000936,000936,华西股份,sz,main_board
sz.000937,000937,冀中能源,sz,main_board
sz.000938,000938,紫光股份,sz,main_board
sz.000948,000948,南天信息,sz,main_board
sz.000949,000949,新乡化纤,sz,main_board
sz.000950,000950,重药控股,sz,main_board
sz.000951,000951,中国重汽,sz,main_board
sz.000952,000952,广济药业,sz,main_board
sz.000953,000953,河化股份,sz,main_board
sz.000955,000955,欣龙控股,sz,main_board
sz.000957,000957,中通客车,sz,main_board
sz.000958,000958,电投产融,sz,main_board
sz.000959,000959,首钢股份,sz,main_board
sz.000960,000960,锡业股份,sz,main_board
sz.000962,000962,东方钽业,sz,main_board
sz.000963,000963,华东医药,sz,main_board
sz.000965,000965,天保基建,sz,main_board
sz.000966,000966,长源电力,sz,main_board
sz.000967,000967,盈峰环境,sz,main_board
sz.000968,000968,蓝焰控股,sz,main_board
sz.000969,000969,安泰科技,sz,main_board
sz.000970,000970,中科三环,sz,main_board
sz.000973,000973,佛塑科技,sz,main_board
sz.000975,000975,山金国际,sz,main_board
sz.000977,000977,浪潮信息,sz,main_board
sz.000978,000978,桂林旅游,sz,main_board
sz.000980,000980,众泰汽车,sz,main_board
sz.000981,000981,山子高科,sz,main_board
sz.000983,000983,山西焦煤,sz,main_board
sz.000985,000985,大庆华科,sz,main_board
sz.000987,000987,越秀资本,sz,main_board
sz.000988,000988,华工科技,sz,main_board
sz.000989,000989,九芝堂,sz,main_board
sz.000990,000990,诚志股份,sz,main_board
sz.000993,000993,闽东电力,sz,main_board
sz.000995,000995,皇台酒业,sz,main_board
sz.000997,000997,新 大 陆,sz,main_board
sz.000998,000998,隆平高科,sz,main_board
sz.000999,000999,华润三九,sz,main_board
sz.001201,001201,东瑞股份,sz,main_board
sz.001202,001202,炬申股份,sz,main_board
sz.001203,001203,大中矿业,sz,main_board
sz.001205,001205,盛航股份,sz,main_board
sz.001206,001206,依依股份,sz,main_board
sz.001207,001207,联科科技,sz,main_board
sz.001208,001208,华菱线缆,sz,main_board
sz.001209,001209,洪兴股份,sz,main_board
sz.001210,001210,金房能源,sz,main_board
sz.001211,001211,双枪科技,sz,main_board
sz.001212,001212,中旗新材,sz,main_board
sz.001213,001213,中铁特货,sz,main_board
sz.001215,001215,千味央厨,sz,main_board
sz.001216,001216,华瓷股份,sz,main_board
sz.001217,001217,华尔泰,sz,main_board
sz.001218,001218,丽臣实业,sz,main_board
sz.001219,001219,青岛食品,sz,main_board
sz.001220,001220,世盟股份,sz,main_board
sz.001221,001221,悍高集团,sz,main_board
sz.001222,001222,源飞宠物,sz,main_board
sz.001223,001223,欧克科技,sz,main_board
sz.001225,001225,和泰机电,sz,main_board
sz.001226,001226,拓山重工,sz,main_board
sz.001227,001227,兰州银行,sz,main_board
sz.001228,001228,永泰运,sz,main_board
sz.001229,001229,魅视科技,sz,main_board
sz.001230,001230,劲旅环境,sz,main_board
sz.001231,001231,农心科技,sz,main_board
sz.001233,001233,海安集团,sz,main_board
sz.001234,001234,泰慕士,sz,main_board
sz.001236,001236,弘业期货,sz,main_board
sz.001238,001238,浙江正特,sz,main_board
sz.001239,001239,永达股份,sz,main_board
sz.001255,001255,博菲电气,sz,main_board
sz.001256,001256,炜冈科技,sz,main_board
sz.001257,001257,盛龙股份,sz,main_board
sz.001258,001258,立新能源,sz,main_board
sz.001259,001259,利仁科技,sz,main_board
sz.001260,001260,坤泰股份,sz,main_board
sz.001266,001266,宏英智能,sz,main_board
sz.001267,001267,汇绿生态,sz,main_board
sz.001268,001268,联合精密,sz,main_board
sz.001269,001269,欧晶科技,sz,main_board
sz.001277,001277,速达股份,sz,main_board
sz.001278,001278,一彬科技,sz,main_board
sz.001279,001279,强邦新材,sz,main_board
sz.001280,001280,中国铀业,sz,main_board
sz.001282,001282,三联锻造,sz,main_board
sz.001283,001283,豪鹏科技,sz,main_board
sz.001285,001285,瑞立科密,sz,main_board
sz.001286,001286,陕西能源,sz,main_board
sz.001287,001287,中电港,sz,main_board
sz.001288,001288,运机集团,sz,main_board
sz.001289,001289,龙源电力,sz,main_board
sz.001296,001296,长江材料,sz,main_board
sz.001298,001298,好上好,sz,main_board
sz.001299,001299,美能能源,sz,main_board
sz.001300,001300,三柏硕,sz,main_board
sz.001301,001301,尚太科技,sz,main_board
sz.001306,001306,夏厦精密,sz,main_board
sz.001308,001308,康冠科技,sz,main_board
sz.001309,001309,德明利,sz,main_board
sz.001311,001311,多利科技,sz,main_board
sz.001312,001312,福恩股份,sz,main_board
sz.001313,001313,粤海饲料,sz,main_board
sz.001314,001314,亿道信息,sz,main_board
sz.001316,001316,润贝航科,sz,main_board
sz.001317,001317,三羊马,sz,main_board
sz.001318,001318,阳光乳业,sz,main_board
sz.001319,001319,铭科精技,sz,main_board
sz.001322,001322,箭牌家居,sz,main_board
sz.001323,001323,慕思股份,sz,main_board
sz.001324,001324,长青科技,sz,main_board
sz.001325,001325,元创股份,sz,main_board
sz.001326,001326,联域股份,sz,main_board
sz.001328,001328,登康口腔,sz,main_board
sz.001330,001330,博纳影业,sz,main_board
sz.001331,001331,胜通能源,sz,main_board
sz.001332,001332,锡装股份,sz,main_board
sz.001333,001333,光华股份,sz,main_board
sz.001335,001335,信凯科技,sz,main_board
sz.001336,001336,楚环科技,sz,main_board
sz.001337,001337,四川黄金,sz,main_board
sz.001338,001338,永顺泰,sz,main_board
sz.001339,001339,智微智能,sz,main_board
sz.001356,001356,富岭股份,sz,main_board
sz.001358,001358,兴欣新材,sz,main_board
sz.001359,001359,平安电工,sz,main_board
sz.001360,001360,南矿集团,sz,main_board
sz.001366,001366,播恩集团,sz,main_board
sz.001367,001367,海森药业,sz,main_board
sz.001368,001368,通达创智,sz,main_board
sz.001369,001369,双欣材料,sz,main_board
sz.001373,001373,翔腾新材,sz,main_board
sz.001376,001376,百通能源,sz,main_board
sz.001378,001378,德冠新材,sz,main_board
sz.001379,001379,腾达科技,sz,main_board
sz.001380,001380,华纬科技,sz,main_board
sz.001382,001382,新亚电缆,sz,main_board
sz.001386,001386,马可波罗,sz,main_board
sz.001387,001387,雪祺电气,sz,main_board
sz.001388,001388,信通电子,sz,main_board
sz.001389,001389,广合科技,sz,main_board
sz.001390,001390,古麒绒材,sz,main_board
sz.001391,001391,国货航,sz,main_board
sz.001395,001395,亚联机械,sz,main_board
sz.001396,001396,誉帆科技,sz,main_board
sz.001400,001400,江顺科技,sz,main_board
sz.001696,001696,宗申动力,sz,main_board
sz.001872,001872,招商港口,sz,main_board
sz.001896,001896,豫能控股,sz,main_board
sz.001914,001914,招商积余,sz,main_board
sz.001965,001965,招商公路,sz,main_board
sz.001979,001979,招商蛇口,sz,main_board
sz.002001,002001,新 和 成,sz,main_board
sz.002003,002003,伟星股份,sz,main_board
sz.002004,002004,华邦健康,sz,main_board
sz.002006,002006,精工科技,sz,main_board
sz.002007,002007,华兰生物,sz,main_board
sz.002008,002008,大族激光,sz,main_board
sz.002009,002009,天奇股份,sz,main_board
sz.002010,002010,传化智联,sz,main_board
sz.002011,002011,盾安环境,sz,main_board
sz.002012,002012,凯恩股份,sz,main_board
sz.002014,002014,永新股份,sz,main_board
sz.002015,002015,协鑫能科,sz,main_board
sz.002016,002016,世荣兆业,sz,main_board
sz.002017,002017,东信和平,sz,main_board
sz.002019,002019,亿帆医药,sz,main_board
sz.002020,002020,京新药业,sz,main_board
sz.002021,002021,中捷资源,sz,main_board
sz.002022,002022,科华生物,sz,main_board
sz.002023,002023,海特高新,sz,main_board
sz.002025,002025,航天电器,sz,main_board
sz.002026,002026,山东威达,sz,main_board
sz.002027,002027,分众传媒,sz,main_board
sz.002028,002028,思源电气,sz,main_board
sz.002029,002029,七 匹 狼,sz,main_board
sz.002030,002030,达安基因,sz,main_board
sz.002031,002031,巨轮智能,sz,main_board
sz.002032,002032,苏 泊 尔,sz,main_board
sz.002033,002033,丽江股份,sz,main_board
sz.002034,002034,旺能环境,sz,main_board
sz.002035,002035,华帝股份,sz,main_board
sz.002036,002036,联创电子,sz,main_board
sz.002037,002037,保利联合,sz,main_board
sz.002038,002038,双鹭药业,sz,main_board
sz.002039,002039,黔源电力,sz,main_board
sz.002040,002040,南 京 港,sz,main_board
sz.002041,002041,登海种业,sz,main_board
sz.002042,002042,华孚时尚,sz,main_board
sz.002043,002043,兔 宝 宝,sz,main_board
sz.002044,002044,美年健康,sz,main_board
sz.002045,002045,国光电器,sz,main_board
sz.002046,002046,国机精工,sz,main_board
sz.002048,002048,宁波华翔,sz,main_board
sz.002049,002049,紫光国微,sz,main_board
sz.002050,002050,三花智控,sz,main_board
sz.002051,002051,中工国际,sz,main_board
sz.002052,002052,同洲电子,sz,main_board
sz.002053,002053,云南能投,sz,main_board
sz.002054,002054,德美化工,sz,main_board
sz.002056,002056,横店东磁,sz,main_board
sz.002057,002057,中钢天源,sz,main_board
sz.002059,002059,云南旅游,sz,main_board
sz.002060,002060,广东建工,sz,main_board
sz.002061,002061,浙江交科,sz,main_board
sz.002062,002062,宏润建设,sz,main_board
sz.002063,002063,远光软件,sz,main_board
sz.002064,002064,华峰化学,sz,main_board
sz.002065,002065,东华软件,sz,main_board
sz.002066,002066,瑞泰科技,sz,main_board
sz.002067,002067,景兴纸业,sz,main_board
sz.002068,002068,黑猫股份,sz,main_board
sz.002069,002069,獐子岛,sz,main_board
sz.002072,002072,凯瑞德,sz,main_board
sz.002073,002073,软控股份,sz,main_board
sz.002074,002074,国轩高科,sz,main_board
sz.002075,002075,沙钢股份,sz,main_board
sz.002077,002077,大港股份,sz,main_board
sz.002078,002078,太阳纸业,sz,main_board
sz.002079,002079,苏州固锝,sz,main_board
sz.002080,002080,中材科技,sz,main_board
sz.002081,002081,金 螳 螂,sz,main_board
sz.002083,002083,孚日股份,sz,main_board
sz.002084,002084,海鸥住工,sz,main_board
sz.002085,002085,万丰奥威,sz,main_board
sz.002086,002086,东方海洋,sz,main_board
sz.002088,002088,鲁阳节能,sz,main_board
sz.002090,002090,金智科技,sz,main_board
sz.002091,002091,江苏国泰,sz,main_board
sz.002092,002092,中泰化学,sz,main_board
sz.002093,002093,国脉科技,sz,main_board
sz.002094,002094,青岛金王,sz,main_board
sz.002095,002095,生 意 宝,sz,main_board
sz.002096,002096,易普力,sz,main_board
sz.002097,002097,山河智能,sz,main_board
sz.002098,002098,浔兴股份,sz,main_board
sz.002099,002099,海翔药业,sz,main_board
sz.002100,002100,天康生物,sz,main_board
sz.002101,002101,广东鸿图,sz,main_board
sz.002103,002103,广博股份,sz,main_board
sz.002104,002104,恒宝股份,sz,main_board
sz.002105,002105,信隆健康,sz,main_board
sz.002106,002106,莱宝高科,sz,main_board
sz.002107,002107,沃华医药,sz,main_board
sz.002108,002108,沧州明珠,sz,main_board
sz.002110,002110,三钢闽光,sz,main_board
sz.002111,002111,威海广泰,sz,main_board
sz.002112,002112,三变科技,sz,main_board
sz.002114,002114,罗平锌电,sz,main_board
sz.002115,002115,三维通信,sz,main_board
sz.002116,002116,中国海诚,sz,main_board
sz.002117,002117,东港股份,sz,main_board
sz.002119,002119,康强电子,sz,main_board
sz.002120,002120,韵达股份,sz,main_board
sz.002121,002121,科陆电子,sz,main_board
sz.002123,002123,梦网科技,sz,main_board
sz.002124,002124,天邦食品,sz,main_board
sz.002125,002125,湘潭电化,sz,main_board
sz.002126,002126,银轮股份,sz,main_board
sz.002127,002127,南极电商,sz,main_board
sz.002128,002128,电投能源,sz,main_board
sz.002129,002129,TCL中环,sz,main_board
sz.002130,002130,沃尔核材,sz,main_board
sz.002131,002131,利欧股份,sz,main_board
sz.002132,002132,恒星科技,sz,main_board
sz.002133,002133,广宇集团,sz,main_board
sz.002134,002134,天津普林,sz,main_board
sz.002135,002135,东南网架,sz,main_board
sz.002136,002136,安 纳 达,sz,main_board
sz.002137,002137,实益达,sz,main_board
sz.002138,002138,顺络电子,sz,main_board
sz.002139,002139,拓邦股份,sz,main_board
sz.002140,002140,东华科技,sz,main_board
sz.002141,002141,贤丰控股,sz,main_board
sz.002142,002142,宁波银行,sz,main_board
sz.002144,002144,宏达高科,sz,main_board
sz.002145,002145,钛能化学,sz,main_board
sz.002146,002146,荣盛发展,sz,main_board
sz.002148,002148,北纬科技,sz,main_board
sz.002149,002149,西部材料,sz,main_board
sz.002150,002150,正泰电源,sz,main_board
sz.002151,002151,北斗星通,sz,main_board
sz.002152,002152,广电运通,sz,main_board
sz.002153,002153,石基信息,sz,main_board
sz.002154,002154,报 喜 鸟,sz,main_board
sz.002155,002155,湖南黄金,sz,main_board
sz.002156,002156,通富微电,sz,main_board
sz.002157,002157,正邦科技,sz,main_board
sz.002158,002158,汉钟精机,sz,main_board
sz.002159,002159,三特索道,sz,main_board
sz.002160,002160,常铝股份,sz,main_board
sz.002161,002161,远 望 谷,sz,main_board
sz.002162,002162,悦心健康,sz,main_board
sz.002163,002163,海南发展,sz,main_board
sz.002164,002164,宁波东力,sz,main_board
sz.002165,002165,红 宝 丽,sz,main_board
sz.002166,002166,莱茵生物,sz,main_board
sz.002167,002167,东方锆业,sz,main_board
sz.002169,002169,智光电气,sz,main_board
sz.002170,002170,芭田股份,sz,main_board
sz.002171,002171,楚江新材,sz,main_board
sz.002172,002172,澳洋健康,sz,main_board
sz.002173,002173,创新医疗,sz,main_board
sz.002174,002174,游族网络,sz,main_board
sz.002176,002176,江特电机,sz,main_board
sz.002177,002177,御银股份,sz,main_board
sz.002178,002178,延华智能,sz,main_board
sz.002179,002179,中航光电,sz,main_board
sz.002180,002180,奔图科技,sz,main_board
sz.002181,002181,粤 传 媒,sz,main_board
sz.002182,002182,宝武镁业,sz,main_board
sz.002183,002183,怡 亚 通,sz,main_board
sz.002184,002184,海得控制,sz,main_board
sz.002185,002185,华天科技,sz,main_board
sz.002186,002186,全 聚 德,sz,main_board
sz.002187,002187,广百股份,sz,main_board
sz.002188,002188,中天服务,sz,main_board
sz.002189,002189,中光学,sz,main_board
sz.002190,002190,成飞集成,sz,main_board
sz.002191,002191,劲嘉股份,sz,main_board
sz.002192,002192,融捷股份,sz,main_board
sz.002194,002194,武汉凡谷,sz,main_board
sz.002195,002195,岩山科技,sz,main_board
sz.002196,002196,方正电机,sz,main_board
sz.002197,002197,证通电子,sz,main_board
sz.002201,002201,九鼎新材,sz,main_board
sz.002202,002202,金风科技,sz,main_board
sz.002203,002203,海亮股份,sz,main_board
sz.002204,002204,大连重工,sz,main_board
sz.002205,002205,国统股份,sz,main_board
sz.002206,002206,海 利 得,sz,main_board
sz.002208,002208,合肥城建,sz,main_board
sz.002209,002209,达 意 隆,sz,main_board
sz.002210,002210,飞马国际,sz,main_board
sz.002212,002212,天融信,sz,main_board
sz.002213,002213,大为股份,sz,main_board
sz.002215,002215,诺 普 信,sz,main_board
sz.002216,002216,三全食品,sz,main_board
sz.002217,002217,合力泰,sz,main_board
sz.002218,002218,拓日新能,sz,main_board
sz.002219,002219,新里程,sz,main_board
sz.002221,002221,东华能源,sz,main_board
sz.002222,002222,福晶科技,sz,main_board
sz.002223,002223,鱼跃医疗,sz,main_board
sz.002224,002224,三 力 士,sz,main_board
sz.002225,002225,濮耐股份,sz,main_board
sz.002226,002226,江南化工,sz,main_board
sz.002228,002228,合兴包装,sz,main_board
sz.002229,002229,鸿博股份,sz,main_board
sz.002230,002230,科大讯飞,sz,main_board
sz.002232,002232,启明信息,sz,main_board
sz.002233,002233,塔牌集团,sz,main_board
sz.002234,002234,民和股份,sz,main_board
sz.002235,002235,安妮股份,sz,main_board
sz.002236,002236,大华股份,sz,main_board
sz.002237,002237,恒邦股份,sz,main_board
sz.002238,002238,天威视讯,sz,main_board
sz.002239,002239,奥特佳,sz,main_board
sz.002240,002240,盛新锂能,sz,main_board
sz.002241,002241,歌尔股份,sz,main_board
sz.002242,002242,九阳股份,sz,main_board
sz.002243,002243,力合科创,sz,main_board
sz.002244,002244,滨江集团,sz,main_board
sz.002245,002245,蔚蓝锂芯,sz,main_board
sz.002246,002246,北化股份,sz,main_board
sz.002247,002247,聚力文化,sz,main_board
sz.002248,002248,华东数控,sz,main_board
sz.002249,002249,大洋电机,sz,main_board
sz.002250,002250,联化科技,sz,main_board
sz.002251,002251,步步高,sz,main_board
sz.002252,002252,上海莱士,sz,main_board
sz.002254,002254,泰和新材,sz,main_board
sz.002255,002255,海陆重工,sz,main_board
sz.002256,002256,兆新股份,sz,main_board
sz.002258,002258,利尔化学,sz,main_board
sz.002259,002259,升达林业,sz,main_board
sz.002261,002261,拓维信息,sz,main_board
sz.002262,002262,恩华药业,sz,main_board
sz.002263,002263,大东南,sz,main_board
sz.002264,002264,新 华 都,sz,main_board
sz.002265,002265,建设工业,sz,main_board
sz.002266,002266,浙富控股,sz,main_board
sz.002267,002267,陕天然气,sz,main_board
sz.002268,002268,电科网安,sz,main_board
sz.002269,002269,美邦服饰,sz,main_board
sz.002270,002270,华明装备,sz,main_board
sz.002271,002271,东方雨虹,sz,main_board
sz.002272,002272,川润股份,sz,main_board
sz.002273,002273,水晶光电,sz,main_board
sz.002274,002274,华昌化工,sz,main_board
sz.002275,002275,桂林三金,sz,main_board
sz.002276,002276,万马股份,sz,main_board
sz.002277,002277,友阿股份,sz,main_board
sz.002278,002278,神开股份,sz,main_board
sz.002279,002279,久其软件,sz,main_board
sz.002281,002281,光迅科技,sz,main_board
sz.002282,002282,博深股份,sz,main_board
sz.002283,002283,天润工业,sz,main_board
sz.002284,002284,亚太股份,sz,main_board
sz.002285,002285,世联行,sz,main_board
sz.002286,002286,保龄宝,sz,main_board
sz.002287,002287,奇正藏药,sz,main_board
sz.002290,002290,禾盛新材,sz,main_board
sz.002291,002291,遥望科技,sz,main_board
sz.002292,002292,奥飞娱乐,sz,main_board
sz.002293,002293,罗莱生活,sz,main_board
sz.002294,002294,信立泰,sz,main_board
sz.002295,002295,精艺股份,sz,main_board
sz.002296,002296,辉煌科技,sz,main_board
sz.002297,002297,博云新材,sz,main_board
sz.002298,002298,中电鑫龙,sz,main_board
sz.002299,002299,圣农发展,sz,main_board
sz.002300,002300,太阳电缆,sz,main_board
sz.002301,002301,齐心集团,sz,main_board
sz.002302,002302,西部建设,sz,main_board
sz.002303,002303,美盈森,sz,main_board
sz.002304,002304,洋河股份,sz,main_board
sz.002307,002307,北新路桥,sz,main_board
sz.002309,002309,中利集团,sz,main_board
sz.002310,002310,东方新能,sz,main_board
sz.002311,002311,海大集团,sz,main_board
sz.002312,002312,川发龙蟒,sz,main_board
sz.002313,002313,日海智能,sz,main_board
sz.002314,002314,南山控股,sz,main_board
sz.002315,002315,焦点科技,sz,main_board
sz.002316,002316,亚联发展,sz,main_board
sz.002317,002317,众生药业,sz,main_board
sz.002318,002318,久立特材,sz,main_board
sz.002319,002319,乐通股份,sz,main_board
sz.002320,002320,海峡股份,sz,main_board
sz.002321,002321,华英农业,sz,main_board
sz.002322,002322,理工能科,sz,main_board
sz.002324,002324,普利特,sz,main_board
sz.002326,002326,永太科技,sz,main_board
sz.002327,002327,富安娜,sz,main_board
sz.002328,002328,新朋股份,sz,main_board
sz.002329,002329,皇氏集团,sz,main_board
sz.002330,002330,得利斯,sz,main_board
sz.002331,002331,皖通科技,sz,main_board
sz.002332,002332,仙琚制药,sz,main_board
sz.002333,002333,罗普斯金,sz,main_board
sz.002334,002334,英威腾,sz,main_board
sz.002335,002335,科华数据,sz,main_board
sz.002337,002337,赛象科技,sz,main_board
sz.002338,002338,奥普光电,sz,main_board
sz.002339,002339,积成电子,sz,main_board
sz.002340,002340,格林美,sz,main_board
sz.002342,002342,巨力索具,sz,main_board
sz.002343,002343,慈文传媒,sz,main_board
sz.002344,002344,海宁皮城,sz,main_board
sz.002345,002345,潮宏基,sz,main_board
sz.002346,002346,柘中股份,sz,main_board
sz.002347,002347,泰尔股份,sz,main_board
sz.002348,002348,高乐股份,sz,main_board
sz.002349,002349,精华制药,sz,main_board
sz.002350,002350,北京科锐,sz,main_board
sz.002351,002351,漫步者,sz,main_board
sz.002352,002352,顺丰控股,sz,main_board
sz.002353,002353,杰瑞股份,sz,main_board
sz.002354,002354,天娱数科,sz,main_board
sz.002355,002355,兴民智通,sz,main_board
sz.002356,002356,赫美集团,sz,main_board
sz.002357,002357,富临运业,sz,main_board
sz.002358,002358,森源电气,sz,main_board
sz.002361,002361,神剑股份,sz,main_board
sz.002362,002362,汉王科技,sz,main_board
sz.002363,002363,隆基机械,sz,main_board
sz.002364,002364,中恒电气,sz,main_board
sz.002365,002365,永安药业,sz,main_board
sz.002366,002366,融发核电,sz,main_board
sz.002367,002367,康力电梯,sz,main_board
sz.002368,002368,太极股份,sz,main_board
sz.002369,002369,卓翼科技,sz,main_board
sz.002370,002370,亚太药业,sz,main_board
sz.002371,002371,北方华创,sz,main_board
sz.002372,002372,伟星新材,sz,main_board
sz.002373,002373,千方科技,sz,main_board
sz.002374,002374,中锐股份,sz,main_board
sz.002375,002375,亚厦股份,sz,main_board
sz.002376,002376,新北洋,sz,main_board
sz.002377,002377,国创高新,sz,main_board
sz.002378,002378,章源钨业,sz,main_board
sz.002379,002379,宏桥控股,sz,main_board
sz.002380,002380,科远智慧,sz,main_board
sz.002381,002381,双箭股份,sz,main_board
sz.002382,002382,蓝帆医疗,sz,main_board
sz.002383,002383,合众思壮,sz,main_board
sz.002384,002384,东山精密,sz,main_board
sz.002385,002385,大北农,sz,main_board
sz.002386,002386,天原股份,sz,main_board
sz.002387,002387,维信诺,sz,main_board
sz.002388,002388,新亚制程,sz,main_board
sz.002389,002389,航天彩虹,sz,main_board
sz.002390,002390,信邦制药,sz,main_board
sz.002391,002391,长青股份,sz,main_board
sz.002392,002392,北京利尔,sz,main_board
sz.002393,002393,力生制药,sz,main_board
sz.002394,002394,联发股份,sz,main_board
sz.002395,002395,双象股份,sz,main_board
sz.002396,002396,星网锐捷,sz,main_board
sz.002397,002397,梦洁股份,sz,main_board
sz.002398,002398,垒知集团,sz,main_board
sz.002399,002399,海普瑞,sz,main_board
sz.002400,002400,省广集团,sz,main_board
sz.002401,002401,中远海科,sz,main_board
sz.002402,002402,和而泰,sz,main_board
sz.002403,002403,爱仕达,sz,main_board
sz.002404,002404,嘉欣丝绸,sz,main_board
sz.002405,002405,四维图新,sz,main_board
sz.002406,002406,远东传动,sz,main_board
sz.002407,002407,多氟多,sz,main_board
sz.002408,002408,齐翔腾达,sz,main_board
sz.002409,002409,雅克科技,sz,main_board
sz.002410,002410,广联达,sz,main_board
sz.002412,002412,汉森制药,sz,main_board
sz.002413,002413,雷科防务,sz,main_board
sz.002414,002414,高德红外,sz,main_board
sz.002415,002415,海康威视,sz,main_board
sz.002416,002416,爱施德,sz,main_board
sz.002418,002418,康盛股份,sz,main_board
sz.002419,002419,天虹股份,sz,main_board
sz.002420,002420,毅昌科技,sz,main_board
sz.002421,002421,达实智能,sz,main_board
sz.002422,002422,科伦药业,sz,main_board
sz.002423,002423,中粮资本,sz,main_board
sz.002425,002425,凯撒文化,sz,main_board
sz.002426,002426,胜利精密,sz,main_board
sz.002427,002427,尤夫股份,sz,main_board
sz.002428,002428,云南锗业,sz,main_board
sz.002429,002429,兆驰股份,sz,main_board
sz.002430,002430,杭氧股份,sz,main_board
sz.002432,002432,九安医疗,sz,main_board
sz.002434,002434,万里扬,sz,main_board
sz.002436,002436,兴森科技,sz,main_board
sz.002437,002437,誉衡药业,sz,main_board
sz.002438,002438,江苏神通,sz,main_board
sz.002439,002439,启明星辰,sz,main_board
sz.002440,002440,闰土股份,sz,main_board
sz.002441,002441,众业达,sz,main_board
sz.002442,002442,龙星科技,sz,main_board
sz.002443,002443,金洲管道,sz,main_board
sz.002444,002444,巨星科技,sz,main_board
sz.002445,002445,中南文化,sz,main_board
sz.002446,002446,盛路通信,sz,main_board
sz.002448,002448,中原内配,sz,main_board
sz.002449,002449,国星光电,sz,main_board
sz.002451,002451,摩恩电气,sz,main_board
sz.002452,002452,长高电新,sz,main_board
sz.002453,002453,华软科技,sz,main_board
sz.002454,002454,松芝股份,sz,main_board
sz.002455,002455,百川股份,sz,main_board
sz.002456,002456,欧菲光,sz,main_board
sz.002457,002457,青龙管业,sz,main_board
sz.002458,002458,益生股份,sz,main_board
sz.002459,002459,晶澳科技,sz,main_board
sz.002460,002460,赣锋锂业,sz,main_board
sz.002461,002461,珠江啤酒,sz,main_board
sz.002462,002462,嘉事堂,sz,main_board
sz.002463,002463,沪电股份,sz,main_board
sz.002465,002465,海格通信,sz,main_board
sz.002466,002466,天齐锂业,sz,main_board
sz.002467,002467,二六三,sz,main_board
sz.002468,002468,申通快递,sz,main_board
sz.002469,002469,三维化学,sz,main_board
sz.002470,002470,金正大,sz,main_board
sz.002471,002471,中超控股,sz,main_board
sz.002472,002472,双环传动,sz,main_board
sz.002474,002474,榕基软件,sz,main_board
sz.002475,002475,立讯精密,sz,main_board
sz.002476,002476,宝莫股份,sz,main_board
sz.002478,002478,常宝股份,sz,main_board
sz.002479,002479,富春环保,sz,main_board
sz.002480,002480,新筑股份,sz,main_board
sz.002481,002481,双塔食品,sz,main_board
sz.002482,002482,广田集团,sz,main_board
sz.002483,002483,润邦股份,sz,main_board
sz.002484,002484,江海股份,sz,main_board
sz.002486,002486,嘉麟杰,sz,main_board
sz.002487,002487,大金重工,sz,main_board
sz.002488,002488,金固股份,sz,main_board
sz.002489,002489,浙江永强,sz,main_board
sz.002490,002490,山东墨龙,sz,main_board
sz.002491,002491,通鼎互联,sz,main_board
sz.002492,002492,恒基达鑫,sz,main_board
sz.002493,002493,荣盛石化,sz,main_board
sz.002494,002494,华斯股份,sz,main_board
sz.002495,002495,佳隆股份,sz,main_board
sz.002497,002497,雅化集团,sz,main_board
sz.002498,002498,汉缆股份,sz,main_board
sz.002500,002500,山西证券,sz,main_board
sz.002506,002506,协鑫集成,sz,main_board
sz.002507,002507,涪陵榨菜,sz,main_board
sz.002508,002508,老板电器,sz,main_board
sz.002510,002510,天汽模,sz,main_board
sz.002511,002511,中顺洁柔,sz,main_board
sz.002513,002513,蓝丰生化,sz,main_board
sz.002515,002515,金字火腿,sz,main_board
sz.002516,002516,旷达科技,sz,main_board
sz.002517,002517,恺英网络,sz,main_board
sz.002518,002518,科士达,sz,main_board
sz.002519,002519,银河电子,sz,main_board
sz.002520,002520,日发精机,sz,main_board
sz.002521,002521,齐峰新材,sz,main_board
sz.002522,002522,浙江众成,sz,main_board
sz.002523,002523,天桥起重,sz,main_board
sz.002524,002524,光正眼科,sz,main_board
sz.002526,002526,山东矿机,sz,main_board
sz.002527,002527,新时达,sz,main_board
sz.002530,002530,金财互联,sz,main_board
sz.002531,002531,天顺风能,sz,main_board
sz.002532,002532,天山铝业,sz,main_board
sz.002533,002533,金杯电工,sz,main_board
sz.002534,002534,西子洁能,sz,main_board
sz.002535,002535,林州重机,sz,main_board
sz.002536,002536,飞龙股份,sz,main_board
sz.002537,002537,海联金汇,sz,main_board
sz.002539,002539,云图控股,sz,main_board
sz.002540,002540,亚太科技,sz,main_board
sz.002541,002541,鸿路钢构,sz,main_board
sz.002543,002543,万和电气,sz,main_board
sz.002544,002544,普天科技,sz,main_board
sz.002545,002545,东方铁塔,sz,main_board
sz.002546,002546,新联电子,sz,main_board
sz.002548,002548,金新农,sz,main_board
sz.002549,002549,凯美特气,sz,main_board
sz.002550,002550,千红制药,sz,main_board
sz.002551,002551,尚荣医疗,sz,main_board
sz.002552,002552,宝鼎科技,sz,main_board
sz.002553,002553,南方精工,sz,main_board
sz.002554,002554,惠博普,sz,main_board
sz.002555,002555,三七互娱,sz,main_board
sz.002556,002556,辉隆股份,sz,main_board
sz.002557,002557,洽洽食品,sz,main_board
sz.002558,002558,巨人网络,sz,main_board
sz.002559,002559,亚威股份,sz,main_board
sz.002560,002560,通达股份,sz,main_board
sz.002561,002561,徐家汇,sz,main_board
sz.002562,002562,兄弟科技,sz,main_board
sz.002563,002563,森马服饰,sz,main_board
sz.002564,002564,天沃科技,sz,main_board
sz.002565,002565,顺灏股份,sz,main_board
sz.002566,002566,益盛药业,sz,main_board
sz.002567,002567,唐人神,sz,main_board
sz.002568,002568,百润股份,sz,main_board
sz.002570,002570,贝因美,sz,main_board
sz.002571,002571,德力股份,sz,main_board
sz.002572,002572,索菲亚,sz,main_board
sz.002573,002573,清新环境,sz,main_board
sz.002574,002574,明牌珠宝,sz,main_board
sz.002575,002575,群兴玩具,sz,main_board
sz.002576,002576,通达动力,sz,main_board
sz.002577,002577,雷柏科技,sz,main_board
sz.002578,002578,闽发铝业,sz,main_board
sz.002579,002579,中京电子,sz,main_board
sz.002580,002580,圣阳股份,sz,main_board
sz.002582,002582,好想你,sz,main_board
sz.002583,002583,海能达,sz,main_board
sz.002584,002584,西陇科学,sz,main_board
sz.002585,002585,双星新材,sz,main_board
sz.002587,002587,奥拓电子,sz,main_board
sz.002588,002588,史丹利,sz,main_board
sz.002589,002589,瑞康医药,sz,main_board
sz.002590,002590,万安科技,sz,main_board
sz.002591,002591,恒大高新,sz,main_board
sz.002593,002593,日上集团,sz,main_board
sz.002594,002594,比亚迪,sz,main_board
sz.002595,002595,豪迈科技,sz,main_board
sz.002596,002596,海南瑞泽,sz,main_board
sz.002597,002597,金禾实业,sz,main_board
sz.002599,002599,盛通股份,sz,main_board
sz.002600,002600,领益智造,sz,main_board
sz.002601,002601,龙佰集团,sz,main_board
sz.002602,002602,世纪华通,sz,main_board
sz.002603,002603,以岭药业,sz,main_board
sz.002605,002605,姚记科技,sz,main_board
sz.002606,002606,大连电瓷,sz,main_board
sz.002607,002607,中公教育,sz,main_board
sz.002608,002608,江苏国信,sz,main_board
sz.002609,002609,捷顺科技,sz,main_board
sz.002611,002611,东方精工,sz,main_board
sz.002612,002612,朗姿股份,sz,main_board
sz.002613,002613,北玻股份,sz,main_board
sz.002614,002614,奥佳华,sz,main_board
sz.002615,002615,哈尔斯,sz,main_board
sz.002616,002616,长青集团,sz,main_board
sz.002617,002617,露笑科技,sz,main_board
sz.002622,002622,皓宸医疗,sz,main_board
sz.002623,002623,亚玛顿,sz,main_board
sz.002624,002624,完美世界,sz,main_board
sz.002625,002625,光启技术,sz,main_board
sz.002626,002626,金达威,sz,main_board
sz.002627,002627,三峡旅游,sz,main_board
sz.002628,002628,成都路桥,sz,main_board
sz.002629,002629,仁智股份,sz,main_board
sz.002631,002631,德尔未来,sz,main_board
sz.002632,002632,道明光学,sz,main_board
sz.002633,002633,申科股份,sz,main_board
sz.002635,002635,安洁科技,sz,main_board
sz.002636,002636,金安国纪,sz,main_board
sz.002637,002637,赞宇科技,sz,main_board
sz.002638,002638,勤上股份,sz,main_board
sz.002639,002639,雪人集团,sz,main_board
sz.002640,002640,跨境通,sz,main_board
sz.002641,002641,公元股份,sz,main_board
sz.002642,002642,荣联科技,sz,main_board
sz.002643,002643,万润股份,sz,main_board
sz.002644,002644,佛慈制药,sz,main_board
sz.002645,002645,华宏科技,sz,main_board
sz.002646,002646,天佑德酒,sz,main_board
sz.002647,002647,仁东控股,sz,main_board
sz.002648,002648,卫星化学,sz,main_board
sz.002649,002649,博彦科技,sz,main_board
sz.002651,002651,利君股份,sz,main_board
sz.002652,002652,扬子新材,sz,main_board
sz.002653,002653,海思科,sz,main_board
sz.002654,002654,万润科技,sz,main_board
sz.002655,002655,共达电声,sz,main_board
sz.002657,002657,中科金财,sz,main_board
sz.002658,002658,雪迪龙,sz,main_board
sz.002659,002659,凯文教育,sz,main_board
sz.002660,002660,茂硕电源,sz,main_board
sz.002661,002661,克明食品,sz,main_board
sz.002662,002662,峰璟股份,sz,main_board
sz.002663,002663,普邦股份,sz,main_board
sz.002664,002664,信质集团,sz,main_board
sz.002666,002666,德联集团,sz,main_board
sz.002668,002668,TCL智家,sz,main_board
sz.002669,002669,康达新材,sz,main_board
sz.002670,002670,国盛证券,sz,main_board
sz.002671,002671,龙泉股份,sz,main_board
sz.002672,002672,东江环保,sz,main_board
sz.002673,002673,西部证券,sz,main_board
sz.002674,002674,兴业科技,sz,main_board
sz.002675,002675,东诚药业,sz,main_board
sz.002676,002676,顺威股份,sz,main_board
sz.002677,002677,浙江美大,sz,main_board
sz.002678,002678,珠江钢琴,sz,main_board
sz.002679,002679,福建金森,sz,main_board
sz.002681,002681,奋达科技,sz,main_board
sz.002682,002682,龙洲股份,sz,main_board
sz.002683,002683,广东宏大,sz,main_board
sz.002685,002685,华东重机,sz,main_board
sz.002686,002686,亿利达,sz,main_board
sz.002687,002687,乔治白,sz,main_board
sz.002688,002688,金河生物,sz,main_board
sz.002690,002690,美亚光电,sz,main_board
sz.002692,002692,远程股份,sz,main_board
sz.002695,002695,煌上煌,sz,main_board
sz.002696,002696,百洋股份,sz,main_board
sz.002697,002697,红旗连锁,sz,main_board
sz.002698,002698,博实股份,sz,main_board
sz.002700,002700,万憬能源,sz,main_board
sz.002701,002701,奥瑞金,sz,main_board
sz.002702,002702,海欣食品,sz,main_board
sz.002703,002703,浙江世宝,sz,main_board
sz.002705,002705,新宝股份,sz,main_board
sz.002706,002706,良信股份,sz,main_board
sz.002707,002707,众信旅游,sz,main_board
sz.002708,002708,光洋股份,sz,main_board
sz.002709,002709,天赐材料,sz,main_board
sz.002712,002712,思美传媒,sz,main_board
sz.002714,002714,牧原股份,sz,main_board
sz.002715,002715,登云股份,sz,main_board
sz.002716,002716,湖南白银,sz,main_board
sz.002718,002718,友邦吊顶,sz,main_board
sz.002721,002721,金一文化,sz,main_board
sz.002722,002722,物产金轮,sz,main_board
sz.002723,002723,小崧股份,sz,main_board
sz.002724,002724,海洋王,sz,main_board
sz.002725,002725,跃岭股份,sz,main_board
sz.002727,002727,一心堂,sz,main_board
sz.002728,002728,特一药业,sz,main_board
sz.002729,002729,好利科技,sz,main_board
sz.002730,002730,电光科技,sz,main_board
sz.002732,002732,燕塘乳业,sz,main_board
sz.002733,002733,雄韬股份,sz,main_board
sz.002734,002734,利民股份,sz,main_board
sz.002735,002735,王子新材,sz,main_board
sz.002736,002736,国信证券,sz,main_board
sz.002737,002737,葵花药业,sz,main_board
sz.002738,002738,中矿资源,sz,main_board
sz.002739,002739,儒意电影,sz,main_board
sz.002741,002741,光华科技,sz,main_board
sz.002742,002742,三圣股份,sz,main_board
sz.002743,002743,富煌钢构,sz,main_board
sz.002745,002745,木林森,sz,main_board
sz.002746,002746,仙坛股份,sz,main_board
sz.002747,002747,埃斯顿,sz,main_board
sz.002748,002748,世龙实业,sz,main_board
sz.002749,002749,国光股份,sz,main_board
sz.002752,002752,昇兴股份,sz,main_board
sz.002753,002753,永东股份,sz,main_board
sz.002755,002755,奥赛康,sz,main_board
sz.002756,002756,永兴材料,sz,main_board
sz.002757,002757,南兴股份,sz,main_board
sz.002758,002758,浙农股份,sz,main_board
sz.002759,002759,天际股份,sz,main_board
sz.002760,002760,凤形股份,sz,main_board
sz.002761,002761,浙江建投,sz,main_board
sz.002763,002763,汇洁股份,sz,main_board
sz.002765,002765,蓝黛科技,sz,main_board
sz.002766,002766,索菱股份,sz,main_board
sz.002767,002767,先锋电子,sz,main_board
sz.002768,002768,国恩股份,sz,main_board
sz.002769,002769,普路通,sz,main_board
sz.002771,002771,真视通,sz,main_board
sz.002772,002772,众兴菌业,sz,main_board
sz.002773,002773,康弘药业,sz,main_board
sz.002774,002774,快意电梯,sz,main_board
sz.002775,002775,文科股份,sz,main_board
sz.002777,002777,久远银海,sz,main_board
sz.002778,002778,中晟高科,sz,main_board
sz.002779,002779,中坚科技,sz,main_board
sz.002780,002780,三夫户外,sz,main_board
sz.002782,002782,可立克,sz,main_board
sz.002783,002783,凯龙股份,sz,main_board
sz.002785,002785,万里石,sz,main_board
sz.002786,002786,银宝山新,sz,main_board
sz.002787,002787,华源控股,sz,main_board
sz.002788,002788,鹭燕医药,sz,main_board
sz.002790,002790,瑞尔特,sz,main_board
sz.002791,002791,坚朗五金,sz,main_board
sz.002792,002792,通宇通讯,sz,main_board
sz.002793,002793,罗欣药业,sz,main_board
sz.002795,002795,永和智控,sz,main_board
sz.002796,002796,世嘉科技,sz,main_board
sz.002797,002797,第一创业,sz,main_board
sz.002798,002798,帝欧水华,sz,main_board
sz.002799,002799,环球印务,sz,main_board
sz.002800,002800,天顺股份,sz,main_board
sz.002801,002801,微光股份,sz,main_board
sz.002802,002802,洪汇新材,sz,main_board
sz.002803,002803,吉宏股份,sz,main_board
sz.002805,002805,丰元股份,sz,main_board
sz.002806,002806,华锋股份,sz,main_board
sz.002807,002807,江阴银行,sz,main_board
sz.002809,002809,红墙股份,sz,main_board
sz.002810,002810,山东赫达,sz,main_board
sz.002811,002811,郑中设计,sz,main_board
sz.002812,002812,恩捷股份,sz,main_board
sz.002813,002813,路畅科技,sz,main_board
sz.002815,002815,崇达技术,sz,main_board
sz.002817,002817,黄山胶囊,sz,main_board
sz.002818,002818,富森美,sz,main_board
sz.002819,002819,东方中科,sz,main_board
sz.002820,002820,桂发祥,sz,main_board
sz.002821,002821,凯莱英,sz,main_board
sz.002823,002823,凯中精密,sz,main_board
sz.002824,002824,和胜股份,sz,main_board
sz.002825,002825,纳尔股份,sz,main_board
sz.002826,002826,易明医药,sz,main_board
sz.002827,002827,高争民爆,sz,main_board
sz.002828,002828,贝肯能源,sz,main_board
sz.002829,002829,星网宇达,sz,main_board
sz.002830,002830,名雕股份,sz,main_board
sz.002831,002831,裕同科技,sz,main_board
sz.002832,002832,比音勒芬,sz,main_board
sz.002833,002833,弘亚数控,sz,main_board
sz.002835,002835,同为股份,sz,main_board
sz.002836,002836,新宏泽,sz,main_board
sz.002837,002837,英维克,sz,main_board
sz.002838,002838,道恩股份,sz,main_board
sz.002839,002839,张家港行,sz,main_board
sz.002840,002840,华统股份,sz,main_board
sz.002841,002841,视源股份,sz,main_board
sz.002842,002842,翔鹭钨业,sz,main_board
sz.002843,002843,泰嘉股份,sz,main_board
sz.002845,002845,同兴达,sz,main_board
sz.002846,002846,英联股份,sz,main_board
sz.002847,002847,盐津铺子,sz,main_board
sz.002849,002849,威星智能,sz,main_board
sz.002850,002850,科达利,sz,main_board
sz.002851,002851,麦格米特,sz,main_board
sz.002852,002852,道道全,sz,main_board
sz.002853,002853,皮阿诺,sz,main_board
sz.002855,002855,捷荣技术,sz,main_board
sz.002857,002857,三晖电气,sz,main_board
sz.002858,002858,力盛体育,sz,main_board
sz.002859,002859,洁美科技,sz,main_board
sz.002860,002860,星帅尔,sz,main_board
sz.002861,002861,瀛通通讯,sz,main_board
sz.002862,002862,实丰文化,sz,main_board
sz.002863,002863,今飞凯达,sz,main_board
sz.002864,002864,盘龙药业,sz,main_board
sz.002865,002865,钧达股份,sz,main_board
sz.002866,002866,传艺科技,sz,main_board
sz.002867,002867,周大生,sz,main_board
sz.002869,002869,金溢科技,sz,main_board
sz.002870,002870,香山股份,sz,main_board
sz.002871,002871,伟隆股份,sz,main_board
sz.002873,002873,新天药业,sz,main_board
sz.002875,002875,安奈儿,sz,main_board
sz.002876,002876,三利谱,sz,main_board
sz.002877,002877,智能自控,sz,main_board
sz.002878,002878,元隆雅图,sz,main_board
sz.002879,002879,长缆科技,sz,main_board
sz.002880,002880,卫光生物,sz,main_board
sz.002881,002881,美格智能,sz,main_board
sz.002882,002882,金龙羽,sz,main_board
sz.002884,002884,凌霄泵业,sz,main_board
sz.002885,002885,京泉华,sz,main_board
sz.002886,002886,沃特股份,sz,main_board
sz.002887,002887,绿茵生态,sz,main_board
sz.002888,002888,惠威科技,sz,main_board
sz.002889,002889,东方嘉盛,sz,main_board
sz.002890,002890,弘宇股份,sz,main_board
sz.002891,002891,中宠股份,sz,main_board
sz.002892,002892,科力尔,sz,main_board
sz.002893,002893,京能热力,sz,main_board
sz.002895,002895,川恒股份,sz,main_board
sz.002896,002896,中大力德,sz,main_board
sz.002897,002897,意华股份,sz,main_board
sz.002899,002899,英派斯,sz,main_board
sz.002900,002900,哈三联,sz,main_board
sz.002901,002901,大博医疗,sz,main_board
sz.002902,002902,铭普光磁,sz,main_board
sz.002903,002903,宇环数控,sz,main_board
sz.002905,002905,金逸影视,sz,main_board
sz.002906,002906,华阳集团,sz,main_board
sz.002907,002907,华森制药,sz,main_board
sz.002908,002908,德生科技,sz,main_board
sz.002909,002909,集泰股份,sz,main_board
sz.002910,002910,庄园牧场,sz,main_board
sz.002911,002911,佛燃能源,sz,main_board
sz.002912,002912,中新赛克,sz,main_board
sz.002913,002913,奥士康,sz,main_board
sz.002915,002915,中欣氟材,sz,main_board
sz.002916,002916,深南电路,sz,main_board
sz.002917,002917,金奥博,sz,main_board
sz.002918,002918,蒙娜丽莎,sz,main_board
sz.002919,002919,名臣健康,sz,main_board
sz.002920,002920,德赛西威,sz,main_board
sz.002921,002921,联诚精密,sz,main_board
sz.002922,002922,伊戈尔,sz,main_board
sz.002923,002923,润都股份,sz,main_board
sz.002925,002925,盈趣科技,sz,main_board
sz.002926,002926,华西证券,sz,main_board
sz.002927,002927,泰永长征,sz,main_board
sz.002928,002928,华夏航空,sz,main_board
sz.002929,002929,润建股份,sz,main_board
sz.002930,002930,宏川智慧,sz,main_board
sz.002931,002931,锋龙股份,sz,main_board
sz.002933,002933,新兴装备,sz,main_board
sz.002935,002935,天奥电子,sz,main_board
sz.002936,002936,郑州银行,sz,main_board
sz.002937,002937,兴瑞科技,sz,main_board
sz.002938,002938,鹏鼎控股,sz,main_board
sz.002939,002939,长城证券,sz,main_board
sz.002940,002940,昂利康,sz,main_board
sz.002941,002941,新疆交建,sz,main_board
sz.002942,002942,新农股份,sz,main_board
sz.002943,002943,宇晶股份,sz,main_board
sz.002945,002945,华林证券,sz,main_board
sz.002946,002946,新乳业,sz,main_board
sz.002947,002947,恒铭达,sz,main_board
sz.002948,002948,青岛银行,sz,main_board
sz.002949,002949,华阳国际,sz,main_board
sz.002950,002950,奥美医疗,sz,main_board
sz.002951,002951,金时科技,sz,main_board
sz.002952,002952,亚世光电,sz,main_board
sz.002953,002953,日丰股份,sz,main_board
sz.002955,002955,鸿合科技,sz,main_board
sz.002956,002956,西麦食品,sz,main_board
sz.002957,002957,科瑞技术,sz,main_board
sz.002958,002958,青农商行,sz,main_board
sz.002959,002959,小熊电器,sz,main_board
sz.002960,002960,青鸟智控,sz,main_board
sz.002961,002961,瑞达期货,sz,main_board
sz.002962,002962,五方光电,sz,main_board
sz.002963,002963,豪尔赛,sz,main_board
sz.002965,002965,祥鑫科技,sz,main_board
sz.002966,002966,苏州银行,sz,main_board
sz.002967,002967,广电计量,sz,main_board
sz.002968,002968,新大正,sz,main_board
sz.002969,002969,嘉美包装,sz,main_board
sz.002970,002970,锐明技术,sz,main_board
sz.002971,002971,和远气体,sz,main_board
sz.002972,002972,科安达,sz,main_board
sz.002973,002973,侨银股份,sz,main_board
sz.002975,002975,博杰股份,sz,main_board
sz.002976,002976,瑞玛精密,sz,main_board
sz.002978,002978,安宁股份,sz,main_board
sz.002979,002979,雷赛智能,sz,main_board
sz.002980,002980,华盛昌,sz,main_board
sz.002981,002981,朝阳科技,sz,main_board
sz.002982,002982,湘佳股份,sz,main_board
sz.002983,002983,芯瑞达,sz,main_board
sz.002984,002984,森麒麟,sz,main_board
sz.002985,002985,北摩高科,sz,main_board
sz.002986,002986,宇新股份,sz,main_board
sz.002987,002987,京北方,sz,main_board
sz.002988,002988,豪美新材,sz,main_board
sz.002989,002989,中天精装,sz,main_board
sz.002990,002990,盛视科技,sz,main_board
sz.002991,002991,甘源食品,sz,main_board
sz.002992,002992,宝明科技,sz,main_board
sz.002993,002993,奥海科技,sz,main_board
sz.002995,002995,天地在线,sz,main_board
sz.002996,002996,顺博合金,sz,main_board
sz.002997,002997,瑞鹄模具,sz,main_board
sz.002998,002998,优彩资源,sz,main_board
sz.002999,002999,天禾股份,sz,main_board
sz.300001,300001,特锐德,sz,gem
sz.300002,300002,神州泰岳,sz,gem
sz.300003,300003,乐普医疗,sz,gem
sz.300004,300004,南风股份,sz,gem
sz.300005,300005,探路者,sz,gem
sz.300006,300006,莱美药业,sz,gem
sz.300007,300007,汉威科技,sz,gem
sz.300008,300008,天海防务,sz,gem
sz.300009,300009,安科生物,sz,gem
sz.300011,300011,鼎汉技术,sz,gem
sz.300012,300012,华测检测,sz,gem
sz.300013,300013,新宁物流,sz,gem
sz.300014,300014,亿纬锂能,sz,gem
sz.300015,300015,爱尔眼科,sz,gem
sz.300016,300016,北陆药业,sz,gem
sz.300017,300017,网宿科技,sz,gem
sz.300018,300018,中元股份,sz,gem
sz.300019,300019,硅宝科技,sz,gem
sz.300021,300021,大禹节水,sz,gem
sz.300022,300022,吉峰科技,sz,gem
sz.300024,300024,机器人,sz,gem
sz.300025,300025,华星创业,sz,gem
sz.300026,300026,红日药业,sz,gem
sz.300030,300030,阳普医疗,sz,gem
sz.300031,300031,宝通科技,sz,gem
sz.300032,300032,金龙机电,sz,gem
sz.300033,300033,同花顺,sz,gem
sz.300034,300034,钢研高纳,sz,gem
sz.300035,300035,中科电气,sz,gem
sz.300036,300036,超图软件,sz,gem
sz.300037,300037,新宙邦,sz,gem
sz.300039,300039,上海凯宝,sz,gem
sz.300040,300040,九洲集团,sz,gem
sz.300041,300041,回天新材,sz,gem
sz.300042,300042,朗科科技,sz,gem
sz.300043,300043,星辉娱乐,sz,gem
sz.300045,300045,华力创通,sz,gem
sz.300046,300046,台基股份,sz,gem
sz.300047,300047,天源迪科,sz,gem
sz.300048,300048,合康新能,sz,gem
sz.300049,300049,福瑞医科,sz,gem
sz.300050,300050,世纪鼎利,sz,gem
sz.300051,300051,琏升科技,sz,gem
sz.300052,300052,中青宝,sz,gem
sz.300053,300053,航宇微,sz,gem
sz.300054,300054,鼎龙股份,sz,gem
sz.300055,300055,万邦达,sz,gem
sz.300056,300056,中创环保,sz,gem
sz.300057,300057,万顺新材,sz,gem
sz.300058,300058,蓝色光标,sz,gem
sz.300059,300059,东方财富,sz,gem
sz.300061,300061,旗天科技,sz,gem
sz.300062,300062,中能电气,sz,gem
sz.300063,300063,天龙集团,sz,gem
sz.300065,300065,海兰信,sz,gem
sz.300066,300066,三川智慧,sz,gem
sz.300067,300067,安诺其,sz,gem
sz.300069,300069,金利华电,sz,gem
sz.300070,300070,碧水源,sz,gem
sz.300071,300071,福石控股,sz,gem
sz.300072,300072,海新能科,sz,gem
sz.300073,300073,当升科技,sz,gem
sz.300074,300074,华平股份,sz,gem
sz.300075,300075,数字政通,sz,gem
sz.300077,300077,国民技术,sz,gem
sz.300078,300078,思创智联,sz,gem
sz.300079,300079,数码视讯,sz,gem
sz.300080,300080,易成新能,sz,gem
sz.300082,300082,奥克股份,sz,gem
sz.300083,300083,创世纪,sz,gem
sz.300084,300084,海默科技,sz,gem
sz.300085,300085,银之杰,sz,gem
sz.300086,300086,康芝药业,sz,gem
sz.300087,300087,荃银高科,sz,gem
sz.300088,300088,长信科技,sz,gem
sz.300092,300092,科新机电,sz,gem
sz.300094,300094,国联水产,sz,gem
sz.300095,300095,华伍股份,sz,gem
sz.300097,300097,智云股份,sz,gem
sz.300098,300098,高新兴,sz,gem
sz.300099,300099,尤洛卡,sz,gem
sz.300100,300100,双林股份,sz,gem
sz.300101,300101,振芯科技,sz,gem
sz.300102,300102,乾照光电,sz,gem
sz.300103,300103,达刚控股,sz,gem
sz.300105,300105,龙源技术,sz,gem
sz.300106,300106,西部牧业,sz,gem
sz.300107,300107,建新股份,sz,gem
sz.300109,300109,新开源,sz,gem
sz.300110,300110,华仁药业,sz,gem
sz.300111,300111,向日葵,sz,gem
sz.300112,300112,万讯自控,sz,gem
sz.300113,300113,顺网科技,sz,gem
sz.300115,300115,长盈精密,sz,gem
sz.300118,300118,东方日升,sz,gem
sz.300119,300119,瑞普生物,sz,gem
sz.300120,300120,经纬辉开,sz,gem
sz.300121,300121,阳谷华泰,sz,gem
sz.300122,300122,智飞生物,sz,gem
sz.300124,300124,汇川技术,sz,gem
sz.300126,300126,锐奇股份,sz,gem
sz.300127,300127,银河磁体,sz,gem
sz.300128,300128,锦富技术,sz,gem
sz.300129,300129,泰胜风能,sz,gem
sz.300130,300130,新国都,sz,gem
sz.300131,300131,英唐智控,sz,gem
sz.300132,300132,青松股份,sz,gem
sz.300133,300133,华策影视,sz,gem
sz.300134,300134,大富科技,sz,gem
sz.300135,300135,宝利国际,sz,gem
sz.300136,300136,信维通信,sz,gem
sz.300137,300137,先河环保,sz,gem
sz.300138,300138,晨光生物,sz,gem
sz.300139,300139,晓程科技,sz,gem
sz.300140,300140,节能环境,sz,gem
sz.300141,300141,和顺电气,sz,gem
sz.300142,300142,沃森生物,sz,gem
sz.300143,300143,盈康生命,sz,gem
sz.300144,300144,宋城演艺,sz,gem
sz.300145,300145,南方泵业,sz,gem
sz.300146,300146,汤臣倍健,sz,gem
sz.300148,300148,天舟文化,sz,gem
sz.300149,300149,睿智医药,sz,gem
sz.300150,300150,世纪瑞尔,sz,gem
sz.300151,300151,昌红科技,sz,gem
sz.300153,300153,科泰电源,sz,gem
sz.300154,300154,瑞凌股份,sz,gem
sz.300155,300155,安居宝,sz,gem
sz.300157,300157,新锦动力,sz,gem
sz.300158,300158,振东制药,sz,gem
sz.300160,300160,秀强股份,sz,gem
sz.300161,300161,华中数控,sz,gem
sz.300162,300162,雷曼光电,sz,gem
sz.300163,300163,先锋新材,sz,gem
sz.300164,300164,通源石油,sz,gem
sz.300165,300165,天瑞仪器,sz,gem
sz.300166,300166,东方国信,sz,gem
sz.300168,300168,万达信息,sz,gem
sz.300169,300169,天晟新材,sz,gem
sz.300170,300170,汉得信息,sz,gem
sz.300171,300171,东富龙,sz,gem
sz.300172,300172,中电环保,sz,gem
sz.300174,300174,元力股份,sz,gem
sz.300176,300176,鸿特科技,sz,gem
sz.300177,300177,中海达,sz,gem
sz.300179,300179,四方达,sz,gem
sz.300180,300180,华峰超纤,sz,gem
sz.300181,300181,佐力药业,sz,gem
sz.300182,300182,捷成股份,sz,gem
sz.300183,300183,东软载波,sz,gem
sz.300184,300184,力源信息,sz,gem
sz.300185,300185,通裕重工,sz,gem
sz.300187,300187,永清环保,sz,gem
sz.300188,300188,国投智能,sz,gem
sz.300189,300189,神农种业,sz,gem
sz.300190,300190,维尔利,sz,gem
sz.300191,300191,潜能恒信,sz,gem
sz.300192,300192,科德教育,sz,gem
sz.300193,300193,佳士科技,sz,gem
sz.300194,300194,福安药业,sz,gem
sz.300195,300195,长荣股份,sz,gem
sz.300196,300196,长海股份,sz,gem
sz.300197,300197,节能铁汉,sz,gem
sz.300199,300199,翰宇药业,sz,gem
sz.300200,300200,高盟新材,sz,gem
sz.300201,300201,海伦哲,sz,gem
sz.300203,300203,聚光科技,sz,gem
sz.300204,300204,舒泰神,sz,gem
sz.300206,300206,理邦仪器,sz,gem
sz.300207,300207,欣旺达,sz,gem
sz.300209,300209,行云科技,sz,gem
sz.300210,300210,森远股份,sz,gem
sz.300213,300213,佳讯飞鸿,sz,gem
sz.300214,300214,日科化学,sz,gem
sz.300215,300215,电科院,sz,gem
sz.300217,300217,东方电热,sz,gem
sz.300218,300218,安利股份,sz,gem
sz.300219,300219,鸿利智汇,sz,gem
sz.300220,300220,金运激光,sz,gem
sz.300221,300221,银禧科技,sz,gem
sz.300222,300222,科大智能,sz,gem
sz.300223,300223,北京君正,sz,gem
sz.300224,300224,正海磁材,sz,gem
sz.300226,300226,上海钢联,sz,gem
sz.300227,300227,光韵达,sz,gem
sz.300228,300228,富瑞特装,sz,gem
sz.300229,300229,拓尔思,sz,gem
sz.300230,300230,永利股份,sz,gem
sz.300231,300231,银信科技,sz,gem
sz.300232,300232,洲明科技,sz,gem
sz.300233,300233,金城医药,sz,gem
sz.300234,300234,开尔新材,sz,gem
sz.300235,300235,方直科技,sz,gem
sz.300236,300236,上海新阳,sz,gem
sz.300238,300238,冠昊生物,sz,gem
sz.300239,300239,东宝生物,sz,gem
sz.300240,300240,飞力达,sz,gem
sz.300241,300241,瑞丰光电,sz,gem
sz.300242,300242,佳云科技,sz,gem
sz.300243,300243,瑞丰高材,sz,gem
sz.300244,300244,迪安诊断,sz,gem
sz.300246,300246,宝莱特,sz,gem
sz.300247,300247,融捷健康,sz,gem
sz.300248,300248,新开普,sz,gem
sz.300249,300249,依米康,sz,gem
sz.300250,300250,初灵信息,sz,gem
sz.300251,300251,光线传媒,sz,gem
sz.300252,300252,金信诺,sz,gem
sz.300253,300253,卫宁健康,sz,gem
sz.300254,300254,仟源医药,sz,gem
sz.300255,300255,常山药业,sz,gem
sz.300256,300256,星星科技,sz,gem
sz.300257,300257,开山股份,sz,gem
sz.300258,300258,精锻科技,sz,gem
sz.300259,300259,新天科技,sz,gem
sz.300260,300260,新莱应材,sz,gem
sz.300261,300261,雅本化学,sz,gem
sz.300263,300263,隆华科技,sz,gem
sz.300264,300264,佳创视讯,sz,gem
sz.300265,300265,通光线缆,sz,gem
sz.300266,300266,兴源环境,sz,gem
sz.300267,300267,尔康制药,sz,gem
sz.300269,300269,联建光电,sz,gem
sz.300270,300270,中威电子,sz,gem
sz.300271,300271,华宇软件,sz,gem
sz.300272,300272,开能健康,sz,gem
sz.300274,300274,阳光电源,sz,gem
sz.300275,300275,梅安森,sz,gem
sz.300276,300276,三丰智能,sz,gem
sz.300277,300277,汽轮科技,sz,gem
sz.300278,300278,华昌达,sz,gem
sz.300279,300279,和晶科技,sz,gem
sz.300281,300281,金明精机,sz,gem
sz.300283,300283,温州宏丰,sz,gem
sz.300284,300284,苏交科,sz,gem
sz.300285,300285,国瓷材料,sz,gem
sz.300286,300286,安科瑞,sz,gem
sz.300287,300287,飞利信,sz,gem
sz.300288,300288,朗玛信息,sz,gem
sz.300289,300289,利德曼,sz,gem
sz.300290,300290,荣科科技,sz,gem
sz.300291,300291,百纳千成,sz,gem
sz.300292,300292,吴通控股,sz,gem
sz.300293,300293,蓝英装备,sz,gem
sz.300294,300294,博雅生物,sz,gem
sz.300296,300296,利亚德,sz,gem
sz.300298,300298,三诺生物,sz,gem
sz.300299,300299,富春股份,sz,gem
sz.300300,300300,海峡创新,sz,gem
sz.300302,300302,同有科技,sz,gem
sz.300303,300303,聚飞光电,sz,gem
sz.300304,300304,云意电气,sz,gem
sz.300305,300305,裕兴股份,sz,gem
sz.300306,300306,远方信息,sz,gem
sz.300307,300307,慈星股份,sz,gem
sz.300308,300308,中际旭创,sz,gem
sz.300310,300310,宜通世纪,sz,gem
sz.300314,300314,戴维医疗,sz,gem
sz.300315,300315,掌趣科技,sz,gem
sz.300316,300316,晶盛机电,sz,gem
sz.300317,300317,珈伟新能,sz,gem
sz.300318,300318,博晖创新,sz,gem
sz.300319,300319,麦捷科技,sz,gem
sz.300320,300320,海达股份,sz,gem
sz.300321,300321,同大股份,sz,gem
sz.300322,300322,硕贝德,sz,gem
sz.300323,300323,华灿光电,sz,gem
sz.300324,300324,旋极信息,sz,gem
sz.300327,300327,中颖电子,sz,gem
sz.300328,300328,宜安科技,sz,gem
sz.300329,300329,海伦钢琴,sz,gem
sz.300331,300331,苏大维格,sz,gem
sz.300332,300332,天壕能源,sz,gem
sz.300333,300333,兆日科技,sz,gem
sz.300334,300334,津膜科技,sz,gem
sz.300335,300335,迪森股份,sz,gem
sz.300337,300337,银邦股份,sz,gem
sz.300339,300339,润和软件,sz,gem
sz.300340,300340,科恒股份,sz,gem
sz.300341,300341,麦克奥迪,sz,gem
sz.300342,300342,天银机电,sz,gem
sz.300345,300345,华民股份,sz,gem
sz.300346,300346,南大光电,sz,gem
sz.300347,300347,泰格医药,sz,gem
sz.300348,300348,长亮科技,sz,gem
sz.300349,300349,金卡智能,sz,gem
sz.300350,300350,华鹏飞,sz,gem
sz.300351,300351,永贵电器,sz,gem
sz.300353,300353,东土科技,sz,gem
sz.300354,300354,东华测试,sz,gem
sz.300355,300355,蒙草生态,sz,gem
sz.300357,300357,我武生物,sz,gem
sz.300358,300358,楚天科技,sz,gem
sz.300359,300359,全通教育,sz,gem
sz.300360,300360,炬华科技,sz,gem
sz.300363,300363,博腾股份,sz,gem
sz.300364,300364,中文在线,sz,gem
sz.300365,300365,恒华科技,sz,gem
sz.300368,300368,汇金股份,sz,gem
sz.300369,300369,绿盟科技,sz,gem
sz.300370,300370,安控科技,sz,gem
sz.300371,300371,汇中股份,sz,gem
sz.300373,300373,扬杰科技,sz,gem
sz.300374,300374,中铁装配,sz,gem
sz.300375,300375,鹏翎股份,sz,gem
sz.300376,300376,易事特,sz,gem
sz.300377,300377,赢时胜,sz,gem
sz.300378,300378,鼎捷数智,sz,gem
sz.300380,300380,安硕信息,sz,gem
sz.300381,300381,溢多利,sz,gem
sz.300382,300382,斯莱克,sz,gem
sz.300383,300383,光环新网,sz,gem
sz.300384,300384,三联虹普,sz,gem
sz.300386,300386,飞天诚信,sz,gem
sz.300387,300387,富邦科技,sz,gem
sz.300388,300388,节能国祯,sz,gem
sz.300389,300389,艾比森,sz,gem
sz.300390,300390,天华新能,sz,gem
sz.300393,300393,中来股份,sz,gem
sz.300394,300394,天孚通信,sz,gem
sz.300395,300395,菲利华,sz,gem
sz.300397,300397,天和防务,sz,gem
sz.300398,300398,飞凯材料,sz,gem
sz.300399,300399,天利科技,sz,gem
sz.300400,300400,劲拓股份,sz,gem
sz.300401,300401,花园生物,sz,gem
sz.300402,300402,宝色股份,sz,gem
sz.300403,300403,汉宇集团,sz,gem
sz.300404,300404,博济医药,sz,gem
sz.300405,300405,科隆股份,sz,gem
sz.300406,300406,九强生物,sz,gem
sz.300407,300407,凯发电气,sz,gem
sz.300408,300408,三环集团,sz,gem
sz.300409,300409,道氏技术,sz,gem
sz.300410,300410,正业科技,sz,gem
sz.300411,300411,金盾股份,sz,gem
sz.300412,300412,迦南科技,sz,gem
sz.300413,300413,芒果超媒,sz,gem
sz.300414,300414,中光防雷,sz,gem
sz.300415,300415,伊之密,sz,gem
sz.300416,300416,苏试试验,sz,gem
sz.300417,300417,南华仪器,sz,gem
sz.300418,300418,昆仑万维,sz,gem
sz.300420,300420,五洋自控,sz,gem
sz.300421,300421,力星股份,sz,gem
sz.300422,300422,博世科,sz,gem
sz.300423,300423,昇辉科技,sz,gem
sz.300424,300424,航新科技,sz,gem
sz.300425,300425,中建环能,sz,gem
sz.300426,300426,华智数媒,sz,gem
sz.300427,300427,红相股份,sz,gem
sz.300428,300428,立中集团,sz,gem
sz.300429,300429,强力新材,sz,gem
sz.300432,300432,富临精工,sz,gem
sz.300433,300433,蓝思科技,sz,gem
sz.300434,300434,金石亚药,sz,gem
sz.300435,300435,中泰股份,sz,gem
sz.300436,300436,广生堂,sz,gem
sz.300437,300437,清水源,sz,gem
sz.300438,300438,鹏辉能源,sz,gem
sz.300439,300439,美康生物,sz,gem
sz.300440,300440,运达科技,sz,gem
sz.300441,300441,鲍斯股份,sz,gem
sz.300442,300442,润泽科技,sz,gem
sz.300443,300443,金雷股份,sz,gem
sz.300444,300444,双杰电气,sz,gem
sz.300445,300445,康斯特,sz,gem
sz.300446,300446,航天智造,sz,gem
sz.300447,300447,全信股份,sz,gem
sz.300448,300448,浩云科技,sz,gem
sz.300449,300449,汉邦高科,sz,gem
sz.300450,300450,先导智能,sz,gem
sz.300451,300451,创业慧康,sz,gem
sz.300452,300452,山河药辅,sz,gem
sz.300453,300453,三鑫医疗,sz,gem
sz.300454,300454,深信服,sz,gem
sz.300455,300455,航天智装,sz,gem
sz.300456,300456,赛微电子,sz,gem
sz.300457,300457,赢合科技,sz,gem
sz.300458,300458,全志科技,sz,gem
sz.300459,300459,汤姆猫,sz,gem
sz.300461,300461,田中精机,sz,gem
sz.300463,300463,迈克生物,sz,gem
sz.300464,300464,星徽股份,sz,gem
sz.300465,300465,高伟达,sz,gem
sz.300466,300466,赛摩智能,sz,gem
sz.300467,300467,迅游科技,sz,gem
sz.300468,300468,四方精创,sz,gem
sz.300469,300469,信息发展,sz,gem
sz.300470,300470,中密控股,sz,gem
sz.300471,300471,厚普股份,sz,gem
sz.300473,300473,德尔股份,sz,gem
sz.300474,300474,景嘉微,sz,gem
sz.300475,300475,香农芯创,sz,gem
sz.300476,300476,胜宏科技,sz,gem
sz.300478,300478,杭州高新,sz,gem
sz.300479,300479,神思电子,sz,gem
sz.300480,300480,光力科技,sz,gem
sz.300481,300481,濮阳惠成,sz,gem
sz.300482,300482,万孚生物,sz,gem
sz.300483,300483,首华燃气,sz,gem
sz.300484,300484,蓝海华腾,sz,gem
sz.300485,300485,赛升药业,sz,gem
sz.300486,300486,东杰智能,sz,gem
sz.300487,300487,蓝晓科技,sz,gem
sz.300488,300488,恒锋工具,sz,gem
sz.300489,300489,光智科技,sz,gem
sz.300490,300490,华自科技,sz,gem
sz.300491,300491,通合科技,sz,gem
sz.300492,300492,华图山鼎,sz,gem
sz.300493,300493,润欣科技,sz,gem
sz.300494,300494,盛天网络,sz,gem
sz.300496,300496,中科创达,sz,gem
sz.300497,300497,富祥药业,sz,gem
sz.300498,300498,温氏股份,sz,gem
sz.300499,300499,高澜股份,sz,gem
sz.300500,300500,启迪设计,sz,gem
sz.300501,300501,海顺新材,sz,gem
sz.300502,300502,新易盛,sz,gem
sz.300503,300503,昊志机电,sz,gem
sz.300504,300504,天邑股份,sz,gem
sz.300505,300505,川金诺,sz,gem
sz.300507,300507,苏奥传感,sz,gem
sz.300508,300508,维宏股份,sz,gem
sz.300509,300509,新美星,sz,gem
sz.300510,300510,金冠股份,sz,gem
sz.300511,300511,雪榕生物,sz,gem
sz.300512,300512,中亚股份,sz,gem
sz.300513,300513,恒实科技,sz,gem
sz.300514,300514,友讯达,sz,gem
sz.300515,300515,三德科技,sz,gem
sz.300516,300516,久之洋,sz,gem
sz.300517,300517,海波重科,sz,gem
sz.300518,300518,新迅达,sz,gem
sz.300519,300519,新光药业,sz,gem
sz.300520,300520,科大国创,sz,gem
sz.300521,300521,爱司凯,sz,gem
sz.300522,300522,世名科技,sz,gem
sz.300523,300523,辰安科技,sz,gem
sz.300525,300525,博思软件,sz,gem
sz.300528,300528,幸福蓝海,sz,gem
sz.300529,300529,健帆生物,sz,gem
sz.300530,300530,领湃科技,sz,gem
sz.300531,300531,优博讯,sz,gem
sz.300532,300532,今天国际,sz,gem
sz.300533,300533,冰川网络,sz,gem
sz.300534,300534,陇神戎发,sz,gem
sz.300535,300535,达威股份,sz,gem
sz.300536,300536,农尚环境,sz,gem
sz.300537,300537,广信材料,sz,gem
sz.300538,300538,同益股份,sz,gem
sz.300539,300539,横河精密,sz,gem
sz.300540,300540,蜀道装备,sz,gem
sz.300541,300541,先进数通,sz,gem
sz.300542,300542,新晨科技,sz,gem
sz.300543,300543,朗科智能,sz,gem
sz.300545,300545,联得装备,sz,gem
sz.300546,300546,雄帝科技,sz,gem
sz.300547,300547,川环科技,sz,gem
sz.300548,300548,长芯博创,sz,gem
sz.300549,300549,优德精密,sz,gem
sz.300550,300550,和仁科技,sz,gem
sz.300551,300551,古鳌科技,sz,gem
sz.300552,300552,万集科技,sz,gem
sz.300553,300553,集智股份,sz,gem
sz.300554,300554,三超新材,sz,gem
sz.300556,300556,丝路视觉,sz,gem
sz.300557,300557,理工光科,sz,gem
sz.300558,300558,贝达药业,sz,gem
sz.300559,300559,佳发教育,sz,gem
sz.300560,300560,中富通,sz,gem
sz.300562,300562,乐心医疗,sz,gem
sz.300563,300563,神宇股份,sz,gem
sz.300564,300564,筑博设计,sz,gem
sz.300565,300565,科信技术,sz,gem
sz.300566,300566,激智科技,sz,gem
sz.300567,300567,精测电子,sz,gem
sz.300568,300568,星源材质,sz,gem
sz.300569,300569,天能重工,sz,gem
sz.300570,300570,太辰光,sz,gem
sz.300571,300571,平治信息,sz,gem
sz.300572,300572,安车检测,sz,gem
sz.300573,300573,兴齐眼药,sz,gem
sz.300575,300575,中旗股份,sz,gem
sz.300576,300576,容大感光,sz,gem
sz.300577,300577,开润股份,sz,gem
sz.300578,300578,会畅科技,sz,gem
sz.300579,300579,数字认证,sz,gem
sz.300580,300580,贝斯特,sz,gem
sz.300581,300581,晨曦航空,sz,gem
sz.300582,300582,英飞特,sz,gem
sz.300583,300583,赛托生物,sz,gem
sz.300584,300584,海辰药业,sz,gem
sz.300585,300585,奥联电子,sz,gem
sz.300586,300586,美联新材,sz,gem
sz.300587,300587,天铁科技,sz,gem
sz.300588,300588,熙菱信息,sz,gem
sz.300589,300589,江龙船艇,sz,gem
sz.300590,300590,移为通信,sz,gem
sz.300591,300591,万里马,sz,gem
sz.300592,300592,华凯易佰,sz,gem
sz.300593,300593,新雷能,sz,gem
sz.300595,300595,欧普康视,sz,gem
sz.300596,300596,利安隆,sz,gem
sz.300597,300597,吉大通信,sz,gem
sz.300598,300598,诚迈科技,sz,gem
sz.300599,300599,雄塑科技,sz,gem
sz.300600,300600,国瑞科技,sz,gem
sz.300601,300601,康泰生物,sz,gem
sz.300602,300602,飞荣达,sz,gem
sz.300603,300603,立昂技术,sz,gem
sz.300604,300604,长川科技,sz,gem
sz.300605,300605,恒锋信息,sz,gem
sz.300606,300606,金太阳,sz,gem
sz.300607,300607,拓斯达,sz,gem
sz.300608,300608,思特奇,sz,gem
sz.300609,300609,汇纳科技,sz,gem
sz.300610,300610,晨化股份,sz,gem
sz.300611,300611,美力科技,sz,gem
sz.300612,300612,宣亚国际,sz,gem
sz.300613,300613,富瀚微,sz,gem
sz.300614,300614,百川畅银,sz,gem
sz.300615,300615,欣天科技,sz,gem
sz.300616,300616,尚品宅配,sz,gem
sz.300617,300617,安靠智电,sz,gem
sz.300618,300618,寒锐钴业,sz,gem
sz.300619,300619,金银河,sz,gem
sz.300620,300620,光库科技,sz,gem
sz.300621,300621,维业股份,sz,gem
sz.300622,300622,博士眼镜,sz,gem
sz.300623,300623,捷捷微电,sz,gem
sz.300624,300624,万兴科技,sz,gem
sz.300625,300625,三雄极光,sz,gem
sz.300626,300626,华瑞股份,sz,gem
sz.300627,300627,华测导航,sz,gem
sz.300628,300628,亿联网络,sz,gem
sz.300629,300629,新劲刚,sz,gem
sz.300631,300631,久吾高科,sz,gem
sz.300632,300632,光莆股份,sz,gem
sz.300633,300633,开立医疗,sz,gem
sz.300634,300634,彩讯股份,sz,gem
sz.300635,300635,中达安,sz,gem
sz.300636,300636,同和药业,sz,gem
sz.300637,300637,扬帆新材,sz,gem
sz.300638,300638,广和通,sz,gem
sz.300639,300639,凯普生物,sz,gem
sz.300640,300640,德艺文创,sz,gem
sz.300641,300641,正丹股份,sz,gem
sz.300642,300642,透景生命,sz,gem
sz.300643,300643,万通智控,sz,gem
sz.300644,300644,南京聚隆,sz,gem
sz.300645,300645,正元智慧,sz,gem
sz.300647,300647,超频三,sz,gem
sz.300648,300648,星云股份,sz,gem
sz.300649,300649,杭州园林,sz,gem
sz.300650,300650,太龙股份,sz,gem
sz.300651,300651,金陵体育,sz,gem
sz.300652,300652,雷迪克,sz,gem
sz.300653,300653,正海生物,sz,gem
sz.300654,300654,世纪天鸿,sz,gem
sz.300655,300655,晶瑞电材,sz,gem
sz.300656,300656,民德电子,sz,gem
sz.300657,300657,弘信电子,sz,gem
sz.300658,300658,延江股份,sz,gem
sz.300659,300659,中孚信息,sz,gem
sz.300660,300660,江苏雷利,sz,gem
sz.300661,300661,圣邦股份,sz,gem
sz.300662,300662,科锐国际,sz,gem
sz.300663,300663,科蓝软件,sz,gem
sz.300664,300664,鹏鹞环保,sz,gem
sz.300665,300665,飞鹿股份,sz,gem
sz.300666,300666,江丰电子,sz,gem
sz.300667,300667,必创科技,sz,gem
sz.300668,300668,杰恩股份,sz,gem
sz.300669,300669,沪宁股份,sz,gem
sz.300670,300670,大烨智能,sz,gem
sz.300671,300671,富满微,sz,gem
sz.300672,300672,国科微,sz,gem
sz.300673,300673,佩蒂股份,sz,gem
sz.300674,300674,宇信科技,sz,gem
sz.300675,300675,建科院,sz,gem
sz.300676,300676,华大基因,sz,gem
sz.300677,300677,英科医疗,sz,gem
sz.300678,300678,中科信息,sz,gem
sz.300679,300679,电连技术,sz,gem
sz.300680,300680,隆盛科技,sz,gem
sz.300681,300681,英搏尔,sz,gem
sz.300682,300682,朗新科技,sz,gem
sz.300683,300683,海特生物,sz,gem
sz.300684,300684,中石科技,sz,gem
sz.300685,300685,艾德生物,sz,gem
sz.300686,300686,智动力,sz,gem
sz.300687,300687,赛意信息,sz,gem
sz.300688,300688,创业黑马,sz,gem
sz.300689,300689,澄天伟业,sz,gem
sz.300690,300690,双一科技,sz,gem
sz.300691,300691,联合光电,sz,gem
sz.300692,300692,中赋科技,sz,gem
sz.300693,300693,盛弘股份,sz,gem
sz.300694,300694,蠡湖股份,sz,gem
sz.300695,300695,兆丰股份,sz,gem
sz.300696,300696,爱乐达,sz,gem
sz.300697,300697,电工合金,sz,gem
sz.300698,300698,万马科技,sz,gem
sz.300699,300699,光威复材,sz,gem
sz.300700,300700,岱勒新材,sz,gem
sz.300701,300701,森霸传感,sz,gem
sz.300702,300702,天宇股份,sz,gem
sz.300703,300703,创源股份,sz,gem
sz.300705,300705,九典制药,sz,gem
sz.300706,300706,阿石创,sz,gem
sz.300707,300707,威唐工业,sz,gem
sz.300708,300708,聚灿光电,sz,gem
sz.300709,300709,精研科技,sz,gem
sz.300710,300710,万隆光电,sz,gem
sz.300711,300711,广哈通信,sz,gem
sz.300712,300712,永福股份,sz,gem
sz.300713,300713,英可瑞,sz,gem
sz.300715,300715,凯伦股份,sz,gem
sz.300717,300717,华信新材,sz,gem
sz.300718,300718,长盛轴承,sz,gem
sz.300719,300719,安达维尔,sz,gem
sz.300720,300720,海川智能,sz,gem
sz.300721,300721,怡达股份,sz,gem
sz.300722,300722,新余国科,sz,gem
sz.300723,300723,一品红,sz,gem
sz.300724,300724,捷佳伟创,sz,gem
sz.300725,300725,药石科技,sz,gem
sz.300726,300726,宏达电子,sz,gem
sz.300727,300727,润禾材料,sz,gem
sz.300729,300729,乐歌股份,sz,gem
sz.300730,300730,科创信息,sz,gem
sz.300731,300731,科创新源,sz,gem
sz.300732,300732,设研院,sz,gem
sz.300733,300733,西菱动力,sz,gem
sz.300735,300735,光弘科技,sz,gem
sz.300736,300736,百邦科技,sz,gem
sz.300737,300737,科顺股份,sz,gem
sz.300738,300738,奥飞数据,sz,gem
sz.300739,300739,明阳电路,sz,gem
sz.300740,300740,水羊股份,sz,gem
sz.300741,300741,华宝股份,sz,gem
sz.300743,300743,天地数码,sz,gem
sz.300745,300745,欣锐科技,sz,gem
sz.300746,300746,汉嘉数智,sz,gem
sz.300747,300747,锐科激光,sz,gem
sz.300748,300748,金力永磁,sz,gem
sz.300749,300749,顶固集创,sz,gem
sz.300750,300750,宁德时代,sz,gem
sz.300751,300751,迈为股份,sz,gem
sz.300752,300752,隆利科技,sz,gem
sz.300753,300753,爱朋医疗,sz,gem
sz.300755,300755,华致酒行,sz,gem
sz.300756,300756,金马游乐,sz,gem
sz.300757,300757,罗博特科,sz,gem
sz.300758,300758,七彩化学,sz,gem
sz.300759,300759,康龙化成,sz,gem
sz.300760,300760,迈瑞医疗,sz,gem
sz.300761,300761,立华股份,sz,gem
sz.300762,300762,上海瀚讯,sz,gem
sz.300763,300763,锦浪科技,sz,gem
sz.300765,300765,新诺威,sz,gem
sz.300766,300766,每日互动,sz,gem
sz.300767,300767,震安科技,sz,gem
sz.300768,300768,迪普科技,sz,gem
sz.300769,300769,德方纳米,sz,gem
sz.300770,300770,新媒股份,sz,gem
sz.300771,300771,智莱科技,sz,gem
sz.300772,300772,运达股份,sz,gem
sz.300773,300773,拉卡拉,sz,gem
sz.300774,300774,倍杰特,sz,gem
sz.300775,300775,三角防务,sz,gem
sz.300776,300776,帝尔激光,sz,gem
sz.300777,300777,中简科技,sz,gem
sz.300778,300778,新城市,sz,gem
sz.300779,300779,惠城环保,sz,gem
sz.300780,300780,德恩精工,sz,gem
sz.300781,300781,因赛集团,sz,gem
sz.300782,300782,卓胜微,sz,gem
sz.300783,300783,三只松鼠,sz,gem
sz.300784,300784,利安科技,sz,gem
sz.300785,300785,值得买,sz,gem
sz.300786,300786,国林科技,sz,gem
sz.300787,300787,海能实业,sz,gem
sz.300788,300788,中信出版,sz,gem
sz.300789,300789,唐源电气,sz,gem
sz.300790,300790,宇瞳光学,sz,gem
sz.300791,300791,仙乐健康,sz,gem
sz.300792,300792,壹网壹创,sz,gem
sz.300793,300793,佳禾智能,sz,gem
sz.300795,300795,米奥会展,sz,gem
sz.300796,300796,贝斯美,sz,gem
sz.300797,300797,钢研纳克,sz,gem
sz.300798,300798,锦鸡股份,sz,gem
sz.300800,300800,力合科技,sz,gem
sz.300801,300801,泰和科技,sz,gem
sz.300802,300802,矩子科技,sz,gem
sz.300803,300803,指南针,sz,gem
sz.300804,300804,广康生化,sz,gem
sz.300805,300805,电声股份,sz,gem
sz.300806,300806,斯迪克,sz,gem
sz.300807,300807,天迈科技,sz,gem
sz.300808,300808,久量股份,sz,gem
sz.300809,300809,华辰装备,sz,gem
sz.300810,300810,中科海讯,sz,gem
sz.300811,300811,铂科新材,sz,gem
sz.300812,300812,易天股份,sz,gem
sz.300813,300813,泰林生物,sz,gem
sz.300814,300814,中富电路,sz,gem
sz.300815,300815,玉禾田,sz,gem
sz.300816,300816,艾可蓝,sz,gem
sz.300817,300817,双飞集团,sz,gem
sz.300818,300818,耐普矿机,sz,gem
sz.300819,300819,聚杰微纤,sz,gem
sz.300820,300820,英杰电气,sz,gem
sz.300821,300821,东岳硅材,sz,gem
sz.300822,300822,贝仕达克,sz,gem
sz.300823,300823,建科智能,sz,gem
sz.300824,300824,北鼎股份,sz,gem
sz.300825,300825,阿尔特,sz,gem
sz.300826,300826,测绘股份,sz,gem
sz.300827,300827,上能电气,sz,gem
sz.300828,300828,锐新科技,sz,gem
sz.300829,300829,金丹科技,sz,gem
sz.300830,300830,金现代,sz,gem
sz.300831,300831,派瑞股份,sz,gem
sz.300832,300832,新产业,sz,gem
sz.300833,300833,浩洋股份,sz,gem
sz.300834,300834,星辉环材,sz,gem
sz.300835,300835,龙磁科技,sz,gem
sz.300836,300836,佰奥智能,sz,gem
sz.300837,300837,浙矿股份,sz,gem
sz.300838,300838,浙江力诺,sz,gem
sz.300839,300839,博汇股份,sz,gem
sz.300840,300840,酷特智能,sz,gem
sz.300841,300841,康华生物,sz,gem
sz.300842,300842,帝科股份,sz,gem
sz.300843,300843,胜蓝股份,sz,gem
sz.300844,300844,山水比德,sz,gem
sz.300845,300845,捷安高科,sz,gem
sz.300846,300846,首都在线,sz,gem
sz.300847,300847,中船汉光,sz,gem
sz.300848,300848,美瑞新材,sz,gem
sz.300849,300849,锦盛新材,sz,gem
sz.300850,300850,新强联,sz,gem
sz.300851,300851,交大思诺,sz,gem
sz.300852,300852,四会富仕,sz,gem
sz.300853,300853,申昊科技,sz,gem
sz.300854,300854,中兰环保,sz,gem
sz.300855,300855,图南股份,sz,gem
sz.300856,300856,科思股份,sz,gem
sz.300857,300857,协创数据,sz,gem
sz.300858,300858,科拓生物,sz,gem
sz.300859,300859,西域旅游,sz,gem
sz.300860,300860,锋尚文化,sz,gem
sz.300861,300861,美畅股份,sz,gem
sz.300862,300862,蓝盾光电,sz,gem
sz.300863,300863,卡倍亿,sz,gem
sz.300864,300864,南大环境,sz,gem
sz.300865,300865,大宏立,sz,gem
sz.300866,300866,安克创新,sz,gem
sz.300867,300867,圣元环保,sz,gem
sz.300868,300868,杰美特,sz,gem
sz.300869,300869,康泰医学,sz,gem
sz.300870,300870,欧陆通,sz,gem
sz.300871,300871,回盛生物,sz,gem
sz.300872,300872,天阳科技,sz,gem
sz.300873,300873,海晨股份,sz,gem
sz.300875,300875,捷强装备,sz,gem
sz.300876,300876,蒙泰高新,sz,gem
sz.300877,300877,金春股份,sz,gem
sz.300878,300878,维康药业,sz,gem
sz.300879,300879,大叶股份,sz,gem
sz.300880,300880,迦南智能,sz,gem
sz.300881,300881,盛德鑫泰,sz,gem
sz.300882,300882,万胜智能,sz,gem
sz.300883,300883,龙利得,sz,gem
sz.300884,300884,狄耐克,sz,gem
sz.300885,300885,海昌新材,sz,gem
sz.300886,300886,华业香料,sz,gem
sz.300887,300887,谱尼测试,sz,gem
sz.300888,300888,稳健医疗,sz,gem
sz.300889,300889,爱克股份,sz,gem
sz.300890,300890,翔丰华,sz,gem
sz.300891,300891,惠云钛业,sz,gem
sz.300892,300892,品渥食品,sz,gem
sz.300893,300893,松原安全,sz,gem
sz.300894,300894,火星人,sz,gem
sz.300895,300895,铜牛信息,sz,gem
sz.300896,300896,爱美客,sz,gem
sz.300897,300897,山科智能,sz,gem
sz.300898,300898,熊猫乳品,sz,gem
sz.300900,300900,广联航空,sz,gem
sz.300901,300901,中胤时尚,sz,gem
sz.300902,300902,国安达,sz,gem
sz.300903,300903,科翔股份,sz,gem
sz.300904,300904,威力传动,sz,gem
sz.300905,300905,宝丽迪,sz,gem
sz.300906,300906,日月明,sz,gem
sz.300907,300907,康平科技,sz,gem
sz.300908,300908,仲景食品,sz,gem
sz.300909,300909,汇创达,sz,gem
sz.300910,300910,瑞丰新材,sz,gem
sz.300911,300911,亿田智能,sz,gem
sz.300912,300912,凯龙高科,sz,gem
sz.300913,300913,兆龙互连,sz,gem
sz.300915,300915,海融科技,sz,gem
sz.300916,300916,朗特智能,sz,gem
sz.300917,300917,特发服务,sz,gem
sz.300918,300918,南山智尚,sz,gem
sz.300919,300919,中伟新材,sz,gem
sz.300920,300920,润阳科技,sz,gem
sz.300921,300921,南凌科技,sz,gem
sz.300922,300922,天秦装备,sz,gem
sz.300923,300923,研奥股份,sz,gem
sz.300925,300925,法本信息,sz,gem
sz.300926,300926,博俊科技,sz,gem
sz.300927,300927,江天化学,sz,gem
sz.300928,300928,华安鑫创,sz,gem
sz.300929,300929,华骐环保,sz,gem
sz.300930,300930,屹通新材,sz,gem
sz.300931,300931,通用电梯,sz,gem
sz.300932,300932,三友联众,sz,gem
sz.300933,300933,中辰股份,sz,gem
sz.300935,300935,盈建科,sz,gem
sz.300936,300936,中英科技,sz,gem
sz.300937,300937,药易购,sz,gem
sz.300938,300938,信测标准,sz,gem
sz.300939,300939,秋田微,sz,gem
sz.300940,300940,南极光,sz,gem
sz.300941,300941,创识科技,sz,gem
sz.300942,300942,易瑞生物,sz,gem
sz.300943,300943,春晖智控,sz,gem
sz.300945,300945,曼卡龙,sz,gem
sz.300946,300946,恒而达,sz,gem
sz.300947,300947,德必集团,sz,gem
sz.300948,300948,冠中生态,sz,gem
sz.300949,300949,奥雅股份,sz,gem
sz.300950,300950,德固特,sz,gem
sz.300951,300951,博硕科技,sz,gem
sz.300952,300952,恒辉安防,sz,gem
sz.300953,300953,震裕科技,sz,gem
sz.300955,300955,嘉亨家化,sz,gem
sz.300956,300956,英力股份,sz,gem
sz.300957,300957,贝泰妮,sz,gem
sz.300958,300958,建工修复,sz,gem
sz.300959,300959,线上线下,sz,gem
sz.300960,300960,通业科技,sz,gem
sz.300961,300961,深水海纳,sz,gem
sz.300962,300962,中金辐照,sz,gem
sz.300963,300963,中洲特材,sz,gem
sz.300964,300964,本川智能,sz,gem
sz.300965,300965,恒宇信通,sz,gem
sz.300966,300966,共同药业,sz,gem
sz.300967,300967,晓鸣股份,sz,gem
sz.300968,300968,格林精密,sz,gem
sz.300969,300969,恒帅股份,sz,gem
sz.300970,300970,华绿生物,sz,gem
sz.300971,300971,博亚精工,sz,gem
sz.300972,300972,万辰集团,sz,gem
sz.300973,300973,立高食品,sz,gem
sz.300975,300975,商络电子,sz,gem
sz.300976,300976,达瑞电子,sz,gem
sz.300977,300977,深圳瑞捷,sz,gem
sz.300978,300978,东箭科技,sz,gem
sz.300979,300979,华利集团,sz,gem
sz.300980,300980,祥源新材,sz,gem
sz.300981,300981,中红医疗,sz,gem
sz.300982,300982,苏文电能,sz,gem
sz.300983,300983,尤安设计,sz,gem
sz.300984,300984,金沃股份,sz,gem
sz.300985,300985,致远新能,sz,gem
sz.300986,300986,志特新材,sz,gem
sz.300987,300987,川网传媒,sz,gem
sz.300988,300988,津荣天宇,sz,gem
sz.300989,300989,蕾奥规划,sz,gem
sz.300990,300990,同飞股份,sz,gem
sz.300991,300991,创益通,sz,gem
sz.300992,300992,泰福泵业,sz,gem
sz.300993,300993,玉马科技,sz,gem
sz.300994,300994,久祺股份,sz,gem
sz.300995,300995,奇德新材,sz,gem
sz.300996,300996,普联软件,sz,gem
sz.300997,300997,欢乐家,sz,gem
sz.300998,300998,宁波方正,sz,gem
sz.300999,300999,金龙鱼,sz,gem
sz.301000,301000,肇民科技,sz,gem
sz.301001,301001,凯淳股份,sz,gem
sz.301002,301002,崧盛股份,sz,gem
sz.301003,301003,江苏博云,sz,gem
sz.301004,301004,嘉益股份,sz,gem
sz.301005,301005,超捷股份,sz,gem
sz.301006,301006,迈拓股份,sz,gem
sz.301007,301007,德迈仕,sz,gem
sz.301008,301008,宏昌科技,sz,gem
sz.301009,301009,可靠股份,sz,gem
sz.301010,301010,晶雪节能,sz,gem
sz.301011,301011,华立科技,sz,gem
sz.301012,301012,扬电科技,sz,gem
sz.301013,301013,利和兴,sz,gem
sz.301015,301015,百洋医药,sz,gem
sz.301016,301016,雷尔伟,sz,gem
sz.301017,301017,漱玉平民,sz,gem
sz.301018,301018,申菱环境,sz,gem
sz.301019,301019,宁波色母,sz,gem
sz.301020,301020,密封科技,sz,gem
sz.301021,301021,英诺激光,sz,gem
sz.301022,301022,海泰科,sz,gem
sz.301023,301023,奕帆传动,sz,gem
sz.301024,301024,霍普股份,sz,gem
sz.301025,301025,读客文化,sz,gem
sz.301026,301026,浩通科技,sz,gem
sz.301027,301027,华蓝集团,sz,gem
sz.301028,301028,鼎熔岩,sz,gem
sz.301029,301029,怡合达,sz,gem
sz.301031,301031,中熔电气,sz,gem
sz.301032,301032,新柴股份,sz,gem
sz.301033,301033,迈普医学,sz,gem
sz.301035,301035,润丰股份,sz,gem
sz.301036,301036,双乐股份,sz,gem
sz.301037,301037,保立佳,sz,gem
sz.301038,301038,深水规院,sz,gem
sz.301039,301039,中集车辆,sz,gem
sz.301040,301040,中环海陆,sz,gem
sz.301041,301041,金百泽,sz,gem
sz.301042,301042,安联锐视,sz,gem
sz.301043,301043,绿岛风,sz,gem
sz.301045,301045,天禄科技,sz,gem
sz.301046,301046,能辉科技,sz,gem
sz.301047,301047,义翘神州,sz,gem
sz.301048,301048,金鹰重工,sz,gem
sz.301049,301049,超越科技,sz,gem
sz.301050,301050,雷电微力,sz,gem
sz.301051,301051,信濠光电,sz,gem
sz.301052,301052,果麦文化,sz,gem
sz.301053,301053,远信工业,sz,gem
sz.301055,301055,张小泉,sz,gem
sz.301056,301056,森赫股份,sz,gem
sz.301057,301057,汇隆新材,sz,gem
sz.301058,301058,中粮科工,sz,gem
sz.301059,301059,金三江,sz,gem
sz.301060,301060,兰卫医学,sz,gem
sz.301061,301061,匠心家居,sz,gem
sz.301062,301062,上海艾录,sz,gem
sz.301063,301063,海锅股份,sz,gem
sz.301065,301065,本立科技,sz,gem
sz.301066,301066,万事利,sz,gem
sz.301067,301067,显盈科技,sz,gem
sz.301068,301068,大地海洋,sz,gem
sz.301069,301069,凯盛新材,sz,gem
sz.301070,301070,开勒股份,sz,gem
sz.301071,301071,力量钻石,sz,gem
sz.301072,301072,中捷精工,sz,gem
sz.301073,301073,君亭酒店,sz,gem
sz.301075,301075,多瑞医药,sz,gem
sz.301076,301076,新瀚新材,sz,gem
sz.301077,301077,星华新材,sz,gem
sz.301078,301078,孩子王,sz,gem
sz.301079,301079,邵阳液压,sz,gem
sz.301080,301080,百普赛斯,sz,gem
sz.301081,301081,严牌股份,sz,gem
sz.301082,301082,久盛电气,sz,gem
sz.301083,301083,百胜智能,sz,gem
sz.301085,301085,亚康股份,sz,gem
sz.301086,301086,鸿富瀚,sz,gem
sz.301087,301087,可孚医疗,sz,gem
sz.301088,301088,戎美股份,sz,gem
sz.301089,301089,拓新药业,sz,gem
sz.301090,301090,华润材料,sz,gem
sz.301091,301091,深城交,sz,gem
sz.301092,301092,争光股份,sz,gem
sz.301093,301093,华兰股份,sz,gem
sz.301095,301095,广立微,sz,gem
sz.301096,301096,百诚医药,sz,gem
sz.301097,301097,天益医疗,sz,gem
sz.301098,301098,金埔园林,sz,gem
sz.301099,301099,雅创电子,sz,gem
sz.301100,301100,风光股份,sz,gem
sz.301101,301101,明月镜片,sz,gem
sz.301102,301102,兆讯传媒,sz,gem
sz.301103,301103,何氏眼科,sz,gem
sz.301105,301105,鸿铭股份,sz,gem
sz.301106,301106,骏成科技,sz,gem
sz.301107,301107,瑜欣电子,sz,gem
sz.301108,301108,洁雅股份,sz,gem
sz.301109,301109,军信股份,sz,gem
sz.301110,301110,青木科技,sz,gem
sz.301111,301111,粤万年青,sz,gem
sz.301112,301112,信邦智能,sz,gem
sz.301113,301113,雅艺科技,sz,gem
sz.301115,301115,联检科技,sz,gem
sz.301116,301116,益客食品,sz,gem
sz.301117,301117,佳缘科技,sz,gem
sz.301118,301118,恒光股份,sz,gem
sz.301119,301119,正强股份,sz,gem
sz.301120,301120,新特电气,sz,gem
sz.301121,301121,紫建电子,sz,gem
sz.301122,301122,采纳股份,sz,gem
sz.301123,301123,奕东电子,sz,gem
sz.301125,301125,腾亚精工,sz,gem
sz.301126,301126,达嘉维康,sz,gem
sz.301127,301127,武汉天源,sz,gem
sz.301128,301128,强瑞技术,sz,gem
sz.301129,301129,瑞纳智能,sz,gem
sz.301130,301130,西点药业,sz,gem
sz.301131,301131,聚赛龙,sz,gem
sz.301132,301132,满坤科技,sz,gem
sz.301133,301133,金钟股份,sz,gem
sz.301135,301135,瑞德智能,sz,gem
sz.301136,301136,招标股份,sz,gem
sz.301137,301137,哈焊华通,sz,gem
sz.301138,301138,华研精机,sz,gem
sz.301139,301139,元道通信,sz,gem
sz.301141,301141,中科磁业,sz,gem
sz.301148,301148,嘉戎技术,sz,gem
sz.301149,301149,隆华新材,sz,gem
sz.301150,301150,中一科技,sz,gem
sz.301151,301151,冠龙节能,sz,gem
sz.301152,301152,天力锂能,sz,gem
sz.301153,301153,中科江南,sz,gem
sz.301155,301155,海力风电,sz,gem
sz.301156,301156,美农生物,sz,gem
sz.301157,301157,华塑科技,sz,gem
sz.301158,301158,德石股份,sz,gem
sz.301159,301159,三维天地,sz,gem
sz.301160,301160,翔楼新材,sz,gem
sz.301161,301161,唯万密封,sz,gem
sz.301162,301162,国能日新,sz,gem
sz.301163,301163,宏德股份,sz,gem
sz.301165,301165,锐捷网络,sz,gem
sz.301166,301166,优宁维,sz,gem
sz.301167,301167,建研设计,sz,gem
sz.301168,301168,通灵股份,sz,gem
sz.301169,301169,零点有数,sz,gem
sz.301170,301170,锡南科技,sz,gem
sz.301171,301171,易点天下,sz,gem
sz.301172,301172,君逸数码,sz,gem
sz.301173,301173,毓恬冠佳,sz,gem
sz.301175,301175,中科环保,sz,gem
sz.301176,301176,逸豪新材,sz,gem
sz.301177,301177,迪阿股份,sz,gem
sz.301178,301178,天亿马,sz,gem
sz.301179,301179,泽宇智能,sz,gem
sz.301180,301180,万祥科技,sz,gem
sz.301181,301181,标榜股份,sz,gem
sz.301182,301182,凯旺科技,sz,gem
sz.301183,301183,东田微,sz,gem
sz.301185,301185,鸥玛软件,sz,gem
sz.301186,301186,超达装备,sz,gem
sz.301187,301187,欧圣电气,sz,gem
sz.301188,301188,力诺药包,sz,gem
sz.301189,301189,奥尼电子,sz,gem
sz.301190,301190,善水科技,sz,gem
sz.301191,301191,菲菱科思,sz,gem
sz.301192,301192,泰祥股份,sz,gem
sz.301193,301193,家联科技,sz,gem
sz.301195,301195,北路智控,sz,gem
sz.301196,301196,唯科科技,sz,gem
sz.301197,301197,工大科雅,sz,gem
sz.301198,301198,喜悦智行,sz,gem
sz.301199,301199,迈赫股份,sz,gem
sz.301200,301200,大族数控,sz,gem
sz.301201,301201,诚达药业,sz,gem
sz.301202,301202,朗威股份,sz,gem
sz.301203,301203,国泰环保,sz,gem
sz.301205,301205,联特科技,sz,gem
sz.301206,301206,三元生物,sz,gem
sz.301207,301207,华兰疫苗,sz,gem
sz.301208,301208,中亦科技,sz,gem
sz.301209,301209,联合化学,sz,gem
sz.301210,301210,金杨精密,sz,gem
sz.301211,301211,亨迪药业,sz,gem
sz.301212,301212,联盛化学,sz,gem
sz.301213,301213,观想科技,sz,gem
sz.301215,301215,中汽股份,sz,gem
sz.301216,301216,万凯新材,sz,gem
sz.301217,301217,铜冠铜箔,sz,gem
sz.301218,301218,华是科技,sz,gem
sz.301219,301219,腾远钴业,sz,gem
sz.301220,301220,亚香股份,sz,gem
sz.301221,301221,光庭信息,sz,gem
sz.301222,301222,浙江恒威,sz,gem
sz.301223,301223,中荣股份,sz,gem
sz.301225,301225,恒勃股份,sz,gem
sz.301226,301226,祥明智能,sz,gem
sz.301227,301227,森鹰窗业,sz,gem
sz.301228,301228,实朴检测,sz,gem
sz.301229,301229,纽泰格,sz,gem
sz.301230,301230,泓博医药,sz,gem
sz.301231,301231,荣信文化,sz,gem
sz.301232,301232,飞沃科技,sz,gem
sz.301233,301233,盛帮股份,sz,gem
sz.301234,301234,五洲医疗,sz,gem
sz.301235,301235,华康洁净,sz,gem
sz.301236,301236,软通动力,sz,gem
sz.301237,301237,和顺科技,sz,gem
sz.301238,301238,瑞泰新材,sz,gem
sz.301239,301239,普瑞眼科,sz,gem
sz.301246,301246,宏源药业,sz,gem
sz.301248,301248,杰创智能,sz,gem
sz.301251,301251,威尔高,sz,gem
sz.301252,301252,同星科技,sz,gem
sz.301255,301255,通力科技,sz,gem
sz.301256,301256,华融化学,sz,gem
sz.301257,301257,普蕊斯,sz,gem
sz.301258,301258,富士莱,sz,gem
sz.301259,301259,艾布鲁,sz,gem
sz.301260,301260,格力博,sz,gem
sz.301261,301261,恒工精密,sz,gem
sz.301262,301262,海看股份,sz,gem
sz.301263,301263,泰恩康,sz,gem
sz.301265,301265,华新科技,sz,gem
sz.301266,301266,宇邦新材,sz,gem
sz.301267,301267,华厦眼科,sz,gem
sz.301268,301268,铭利达,sz,gem
sz.301269,301269,华大九天,sz,gem
sz.301270,301270,汉仪股份,sz,gem
sz.301272,301272,英华特,sz,gem
sz.301273,301273,瑞晨环保,sz,gem
sz.301275,301275,汉朔科技,sz,gem
sz.301276,301276,嘉曼服饰,sz,gem
sz.301277,301277,新天地,sz,gem
sz.301278,301278,快可电子,sz,gem
sz.301279,301279,金道科技,sz,gem
sz.301280,301280,珠城科技,sz,gem
sz.301281,301281,科源制药,sz,gem
sz.301282,301282,金禄电子,sz,gem
sz.301283,301283,聚胶股份,sz,gem
sz.301285,301285,鸿日达,sz,gem
sz.301286,301286,侨源股份,sz,gem
sz.301287,301287,康力源,sz,gem
sz.301289,301289,国缆检测,sz,gem
sz.301290,301290,东星医疗,sz,gem
sz.301291,301291,明阳电气,sz,gem
sz.301292,301292,海科新源,sz,gem
sz.301293,301293,三博脑科,sz,gem
sz.301295,301295,美硕科技,sz,gem
sz.301296,301296,新巨丰,sz,gem
sz.301297,301297,富乐德,sz,gem
sz.301298,301298,东利机械,sz,gem
sz.301299,301299,卓创资讯,sz,gem
sz.301300,301300,远翔新材,sz,gem
sz.301301,301301,川宁生物,sz,gem
sz.301302,301302,华如科技,sz,gem
sz.301303,301303,真兰仪表,sz,gem
sz.301305,301305,朗坤科技,sz,gem
sz.301306,301306,西测测试,sz,gem
sz.301307,301307,美利信,sz,gem
sz.301308,301308,江波龙,sz,gem
sz.301309,301309,万得凯,sz,gem
sz.301310,301310,鑫宏业,sz,gem
sz.301311,301311,昆船智能,sz,gem
sz.301312,301312,智立方,sz,gem
sz.301313,301313,凡拓数创,sz,gem
sz.301314,301314,科瑞思,sz,gem
sz.301315,301315,威士顿,sz,gem
sz.301316,301316,慧博云通,sz,gem
sz.301317,301317,鑫磊股份,sz,gem
sz.301318,301318,维海德,sz,gem
sz.301319,301319,唯特偶,sz,gem
sz.301320,301320,豪江智能,sz,gem
sz.301321,301321,翰博高新,sz,gem
sz.301322,301322,绿通科技,sz,gem
sz.301323,301323,新莱福,sz,gem
sz.301325,301325,曼恩斯特,sz,gem
sz.301326,301326,捷邦科技,sz,gem
sz.301327,301327,华宝新能,sz,gem
sz.301328,301328,维峰电子,sz,gem
sz.301329,301329,信音电子,sz,gem
sz.301330,301330,熵基科技,sz,gem
sz.301331,301331,恩威医药,sz,gem
sz.301332,301332,德尔玛,sz,gem
sz.301333,301333,诺思格,sz,gem
sz.301335,301335,天元宠物,sz,gem
sz.301336,301336,趣睡科技,sz,gem
sz.301337,301337,亚华电子,sz,gem
sz.301338,301338,凯格精机,sz,gem
sz.301339,301339,通行宝,sz,gem
sz.301345,301345,涛涛车业,sz,gem
sz.301348,301348,蓝箭电子,sz,gem
sz.301349,301349,信德新材,sz,gem
sz.301353,301353,普莱得,sz,gem
sz.301355,301355,南王科技,sz,gem
sz.301356,301356,天振股份,sz,gem
sz.301357,301357,北方长龙,sz,gem
sz.301358,301358,湖南裕能,sz,gem
sz.301359,301359,东南电子,sz,gem
sz.301360,301360,荣旗科技,sz,gem
sz.301361,301361,众智科技,sz,gem
sz.301362,301362,民爆光电,sz,gem
sz.301363,301363,美好医疗,sz,gem
sz.301365,301365,矩阵股份,sz,gem
sz.301366,301366,一博科技,sz,gem
sz.301367,301367,瑞迈特,sz,gem
sz.301368,301368,丰立智能,sz,gem
sz.301369,301369,联动科技,sz,gem
sz.301370,301370,国科恒泰,sz,gem
sz.301371,301371,敷尔佳,sz,gem
sz.301372,301372,科净源,sz,gem
sz.301373,301373,凌玮科技,sz,gem
sz.301376,301376,致欧科技,sz,gem
sz.301377,301377,鼎泰高科,sz,gem
sz.301378,301378,通达海,sz,gem
sz.301379,301379,天山电子,sz,gem
sz.301380,301380,挖金客,sz,gem
sz.301381,301381,赛维时代,sz,gem
sz.301382,301382,蜂助手,sz,gem
sz.301383,301383,天键股份,sz,gem
sz.301386,301386,未来电器,sz,gem
sz.301387,301387,光大同创,sz,gem
sz.301388,301388,欣灵电气,sz,gem
sz.301389,301389,隆扬电子,sz,gem
sz.301390,301390,经纬股份,sz,gem
sz.301391,301391,卡莱特,sz,gem
sz.301392,301392,汇成真空,sz,gem
sz.301393,301393,昊帆生物,sz,gem
sz.301395,301395,仁信新材,sz,gem
sz.301396,301396,宏景科技,sz,gem
sz.301397,301397,溯联股份,sz,gem
sz.301398,301398,星源卓镁,sz,gem
sz.301399,301399,英特科技,sz,gem
sz.301408,301408,华人健康,sz,gem
sz.301413,301413,安培龙,sz,gem
sz.301418,301418,协昌科技,sz,gem
sz.301419,301419,阿莱德,sz,gem
sz.301421,301421,波长光电,sz,gem
sz.301428,301428,世纪恒通,sz,gem
sz.301429,301429,森泰股份,sz,gem
sz.301439,301439,泓淋电力,sz,gem
sz.301446,301446,福事特,sz,gem
sz.301448,301448,开创电气,sz,gem
sz.301449,301449,天溯计量,sz,gem
sz.301456,301456,盘古智能,sz,gem
sz.301458,301458,钧崴电子,sz,gem
sz.301459,301459,丰茂股份,sz,gem
sz.301468,301468,博盈特焊,sz,gem
sz.301469,301469,恒达新材,sz,gem
sz.301479,301479,弘景光电,sz,gem
sz.301486,301486,致尚科技,sz,gem
sz.301487,301487,盟固利,sz,gem
sz.301488,301488,豪恩汽电,sz,gem
sz.301489,301489,思泉新材,sz,gem
sz.301491,301491,汉桑科技,sz,gem
sz.301498,301498,乖宝宠物,sz,gem
sz.301499,301499,维科精密,sz,gem
sz.301500,301500,飞南资源,sz,gem
sz.301501,301501,恒鑫生活,sz,gem
sz.301502,301502,华阳智能,sz,gem
sz.301503,301503,智迪科技,sz,gem
sz.301505,301505,苏州规划,sz,gem
sz.301507,301507,民生健康,sz,gem
sz.301508,301508,中机认检,sz,gem
sz.301509,301509,金凯生科,sz,gem
sz.301510,301510,固高科技,sz,gem
sz.301511,301511,德福科技,sz,gem
sz.301512,301512,智信精密,sz,gem
sz.301513,301513,尚水智能,sz,gem
sz.301515,301515,港通医疗,sz,gem
sz.301516,301516,中远通,sz,gem
sz.301517,301517,陕西华达,sz,gem
sz.301518,301518,长华化学,sz,gem
sz.301519,301519,舜禹股份,sz,gem
sz.301520,301520,万邦医药,sz,gem
sz.301522,301522,上大股份,sz,gem
sz.301525,301525,儒竞科技,sz,gem
sz.301526,301526,国际复材,sz,gem
sz.301528,301528,多浦乐,sz,gem
sz.301529,301529,福赛科技,sz,gem
sz.301533,301533,威马农机,sz,gem
sz.301535,301535,浙江华远,sz,gem
sz.301536,301536,星宸科技,sz,gem
sz.301538,301538,骏鼎达,sz,gem
sz.301539,301539,宏鑫科技,sz,gem
sz.301548,301548,崇德科技,sz,gem
sz.301550,301550,斯菱智驱,sz,gem
sz.301551,301551,无线传媒,sz,gem
sz.301552,301552,科力装备,sz,gem
sz.301555,301555,惠柏新材,sz,gem
sz.301556,301556,托普云农,sz,gem
sz.301557,301557,常友科技,sz,gem
sz.301558,301558,三态股份,sz,gem
sz.301559,301559,中集环科,sz,gem
sz.301560,301560,众捷汽车,sz,gem
sz.301563,301563,云汉芯城,sz,gem
sz.301565,301565,中仑新材,sz,gem
sz.301566,301566,达利凯普,sz,gem
sz.301567,301567,贝隆精密,sz,gem
sz.301568,301568,思泰克,sz,gem
sz.301571,301571,国科天成,sz,gem
sz.301575,301575,艾芬达,sz,gem
sz.301577,301577,美信科技,sz,gem
sz.301578,301578,辰奕智能,sz,gem
sz.301580,301580,爱迪特,sz,gem
sz.301581,301581,黄山谷捷,sz,gem
sz.301584,301584,建发致新,sz,gem
sz.301585,301585,蓝宇股份,sz,gem
sz.301586,301586,佳力奇,sz,gem
sz.301587,301587,中瑞股份,sz,gem
sz.301588,301588,美新科技,sz,gem
sz.301589,301589,诺瓦星云,sz,gem
sz.301590,301590,优优绿能,sz,gem
sz.301591,301591,肯特股份,sz,gem
sz.301592,301592,六九一二,sz,gem
sz.301595,301595,太力科技,sz,gem
sz.301596,301596,瑞迪智驱,sz,gem
sz.301598,301598,博科测试,sz,gem
sz.301599,301599,C理奇智能,sz,gem
sz.301600,301600,慧翰股份,sz,gem
sz.301601,301601,惠通科技,sz,gem
sz.301602,301602,超研股份,sz,gem
sz.301603,301603,乔锋智能,sz,gem
sz.301606,301606,绿联科技,sz,gem
sz.301607,301607,富特科技,sz,gem
sz.301608,301608,博实结,sz,gem
sz.301609,301609,山大电力,sz,gem
sz.301611,301611,珂玛科技,sz,gem
sz.301613,301613,新铝时代,sz,gem
sz.301616,301616,浙江华业,sz,gem
sz.301617,301617,博苑股份,sz,gem
sz.301618,301618,长联科技,sz,gem
sz.301622,301622,英思特,sz,gem
sz.301626,301626,苏州天脉,sz,gem
sz.301628,301628,强达电路,sz,gem
sz.301629,301629,矽电股份,sz,gem
sz.301630,301630,同宇新材,sz,gem
sz.301631,301631,壹连科技,sz,gem
sz.301632,301632,广东建科,sz,gem
sz.301633,301633,港迪技术,sz,gem
sz.301636,301636,泽润新能,sz,gem
sz.301638,301638,南网数字,sz,gem
sz.301656,301656,联合动力,sz,gem
sz.301658,301658,首航新能,sz,gem
sz.301662,301662,宏工科技,sz,gem
sz.301665,301665,泰禾股份,sz,gem
sz.301666,301666,大普微-UW,sz,gem
sz.301667,301667,纳百川,sz,gem
sz.301668,301668,昊创瑞通,sz,gem
sz.301678,301678,新恒汇,sz,gem
sz.301680,301680,固德电材,sz,gem
sz.301682,301682,宏明电子,sz,gem
sz.301683,301683,慧谷新材,sz,gem
sz.301687,301687,新广益,sz,gem
sz.301696,301696,三瑞智能,sz,gem
sh.688001,688001,华兴源创,sh,star
sh.688002,688002,睿创微纳,sh,star
sh.688003,688003,天准科技,sh,star
sh.688004,688004,博汇科技,sh,star
sh.688005,688005,容百科技,sh,star
sh.688006,688006,杭可科技,sh,star
sh.688007,688007,光峰科技,sh,star
sh.688008,688008,澜起科技,sh,star
sh.688009,688009,中国通号,sh,star
sh.688010,688010,福光股份,sh,star
sh.688011,688011,新光光电,sh,star
sh.688012,688012,中微公司,sh,star
sh.688013,688013,天臣医疗,sh,star
sh.688015,688015,交控科技,sh,star
sh.688016,688016,心脉医疗,sh,star
sh.688017,688017,绿的谐波,sh,star
sh.688018,688018,乐鑫科技,sh,star
sh.688019,688019,安集科技,sh,star
sh.688020,688020,方邦股份,sh,star
sh.688021,688021,奥福科技,sh,star
sh.688023,688023,安恒信息,sh,star
sh.688025,688025,杰普特,sh,star
sh.688026,688026,洁特生物,sh,star
sh.688027,688027,国盾量子,sh,star
sh.688028,688028,沃尔德,sh,star
sh.688029,688029,南微医学,sh,star
sh.688030,688030,山石网科,sh,star
sh.688031,688031,星环科技,sh,star
sh.688032,688032,禾迈股份,sh,star
sh.688035,688035,德邦科技,sh,star
sh.688036,688036,传音控股,sh,star
sh.688037,688037,芯源微,sh,star
sh.688038,688038,中科通达,sh,star
sh.688039,688039,当虹科技,sh,star
sh.688041,688041,海光信息,sh,star
sh.688045,688045,XD必易微,sh,star
sh.688046,688046,药康生物,sh,star
sh.688047,688047,龙芯中科,sh,star
sh.688048,688048,长光华芯,sh,star
sh.688049,688049,炬芯科技,sh,star
sh.688050,688050,爱博医疗,sh,star
sh.688051,688051,佳华科技,sh,star
sh.688052,688052,纳芯微,sh,star
sh.688055,688055,龙腾光电,sh,star
sh.688056,688056,莱伯泰科,sh,star
sh.688057,688057,金达莱,sh,star
sh.688058,688058,宝兰德,sh,star
sh.688059,688059,华锐精密,sh,star
sh.688060,688060,云涌科技,sh,star
sh.688061,688061,灿瑞科技,sh,star
sh.688062,688062,迈威生物,sh,star
sh.688063,688063,派能科技,sh,star
sh.688065,688065,凯赛生物,sh,star
sh.688067,688067,爱威科技,sh,star
sh.688068,688068,热景生物,sh,star
sh.688069,688069,德林海,sh,star
sh.688070,688070,纵横股份,sh,star
sh.688071,688071,华依科技,sh,star
sh.688072,688072,拓荆科技,sh,star
sh.688073,688073,毕得医药,sh,star
sh.688075,688075,安旭生物,sh,star
sh.688077,688077,大地熊,sh,star
sh.688078,688078,龙软科技,sh,star
sh.688079,688079,美迪凯,sh,star
sh.688080,688080,映翰通,sh,star
sh.688081,688081,兴图新科,sh,star
sh.688082,688082,盛美上海,sh,star
sh.688083,688083,中望软件,sh,star
sh.688084,688084,晶品特装,sh,star
sh.688085,688085,三友医疗,sh,star
sh.688087,688087,英科再生,sh,star
sh.688088,688088,虹软科技,sh,star
sh.688089,688089,嘉必优,sh,star
sh.688090,688090,瑞松科技,sh,star
sh.688091,688091,上海谊众,sh,star
sh.688092,688092,爱科科技,sh,star
sh.688093,688093,世华科技,sh,star
sh.688095,688095,福昕软件,sh,star
sh.688096,688096,京源环保,sh,star
sh.688097,688097,博众精工,sh,star
sh.688098,688098,申联生物,sh,star
sh.688099,688099,晶晨股份,sh,star
sh.688100,688100,威胜信息,sh,star
sh.688101,688101,三达膜,sh,star
sh.688102,688102,斯瑞新材,sh,star
sh.688103,688103,国力电子,sh,star
sh.688105,688105,诺唯赞,sh,star
sh.688106,688106,金宏气体,sh,star
sh.688107,688107,安路科技,sh,star
sh.688108,688108,赛诺医疗,sh,star
sh.688109,688109,品茗科技,sh,star
sh.688110,688110,东芯股份,sh,star
sh.688111,688111,金山办公,sh,star
sh.688112,688112,鼎阳科技,sh,star
sh.688113,688113,联测科技,sh,star
sh.688114,688114,华大智造,sh,star
sh.688115,688115,思林杰,sh,star
sh.688116,688116,天奈科技,sh,star
sh.688117,688117,圣诺生物,sh,star
sh.688118,688118,普元信息,sh,star
sh.688119,688119,中钢洛耐,sh,star
sh.688120,688120,华海清科,sh,star
sh.688121,688121,卓然股份,sh,star
sh.688122,688122,西部超导,sh,star
sh.688123,688123,聚辰股份,sh,star
sh.688125,688125,安达智能,sh,star
sh.688126,688126,沪硅产业,sh,star
sh.688127,688127,蓝特光学,sh,star
sh.688128,688128,中国电研,sh,star
sh.688129,688129,东来技术,sh,star
sh.688130,688130,晶华微,sh,star
sh.688131,688131,皓元医药,sh,star
sh.688132,688132,邦彦技术,sh,star
sh.688133,688133,泰坦科技,sh,star
sh.688135,688135,利扬芯片,sh,star
sh.688136,688136,科兴制药,sh,star
sh.688137,688137,近岸蛋白,sh,star
sh.688138,688138,清溢光电,sh,star
sh.688139,688139,海尔生物,sh,star
sh.688141,688141,杰华特,sh,star
sh.688143,688143,长盈通,sh,star
sh.688146,688146,中船特气,sh,star
sh.688147,688147,微导纳米,sh,star
sh.688148,688148,芳源股份,sh,star
sh.688150,688150,莱特光电,sh,star
sh.688151,688151,华强科技,sh,star
sh.688152,688152,麒麟信安,sh,star
sh.688153,688153,唯捷创芯,sh,star
sh.688155,688155,先惠技术,sh,star
sh.688156,688156,路德科技,sh,star
sh.688157,688157,松井股份,sh,star
sh.688158,688158,优刻得,sh,star
sh.688159,688159,有方科技,sh,star
sh.688160,688160,步科股份,sh,star
sh.688161,688161,威高骨科,sh,star
sh.688162,688162,巨一科技,sh,star
sh.688163,688163,赛伦生物,sh,star
sh.688165,688165,埃夫特,sh,star
sh.688166,688166,博瑞医药,sh,star
sh.688167,688167,炬光科技,sh,star
sh.688168,688168,安博通,sh,star
sh.688169,688169,石头科技,sh,star
sh.688170,688170,德龙激光,sh,star
sh.688171,688171,纬德信息,sh,star
sh.688172,688172,燕东微,sh,star
sh.688173,688173,希荻微,sh,star
sh.688175,688175,高凌信息,sh,star
sh.688176,688176,亚虹医药,sh,star
sh.688177,688177,百奥泰,sh,star
sh.688178,688178,万德斯,sh,star
sh.688179,688179,阿拉丁,sh,star
sh.688180,688180,君实生物,sh,star
sh.688181,688181,八亿时空,sh,star
sh.688182,688182,灿勤科技,sh,star
sh.688183,688183,生益电子,sh,star
sh.688185,688185,康希诺,sh,star
sh.688186,688186,广大特材,sh,star
sh.688187,688187,时代电气,sh,star
sh.688188,688188,柏楚电子,sh,star
sh.688189,688189,南新制药,sh,star
sh.688190,688190,云路股份,sh,star
sh.688191,688191,智洋创新,sh,star
sh.688192,688192,迪哲医药,sh,star
sh.688193,688193,仁度生物,sh,star
sh.688195,688195,腾景科技,sh,star
sh.688196,688196,卓越新能,sh,star
sh.688197,688197,首药控股,sh,star
sh.688198,688198,佰仁医疗,sh,star
sh.688199,688199,久日新材,sh,star
sh.688200,688200,华峰测控,sh,star
sh.688202,688202,美迪西,sh,star
sh.688203,688203,海正生材,sh,star
sh.688205,688205,德科立,sh,star
sh.688206,688206,概伦电子,sh,star
sh.688207,688207,格灵深瞳,sh,star
sh.688208,688208,道通科技,sh,star
sh.688209,688209,英集芯,sh,star
sh.688210,688210,统联精密,sh,star
sh.688211,688211,中科微至,sh,star
sh.688212,688212,澳华内镜,sh,star
sh.688213,688213,思特威,sh,star
sh.688215,688215,瑞晟智能,sh,star
sh.688216,688216,气派科技,sh,star
sh.688217,688217,睿昂基因,sh,star
sh.688218,688218,江苏北人,sh,star
sh.688219,688219,会通股份,sh,star
sh.688220,688220,翱捷科技,sh,star
sh.688221,688221,前沿生物,sh,star
sh.688222,688222,成都先导,sh,star
sh.688223,688223,晶科能源,sh,star
sh.688225,688225,亚信安全,sh,star
sh.688226,688226,威腾电气,sh,star
sh.688227,688227,品高股份,sh,star
sh.688228,688228,开普云,sh,star
sh.688229,688229,博睿数据,sh,star
sh.688230,688230,芯导科技,sh,star
sh.688231,688231,隆达股份,sh,star
sh.688232,688232,新点软件,sh,star
sh.688233,688233,神工股份,sh,star
sh.688234,688234,天岳先进,sh,star
sh.688235,688235,百济神州,sh,star
sh.688236,688236,春立医疗,sh,star
sh.688237,688237,超卓航科,sh,star
sh.688238,688238,和元生物,sh,star
sh.688239,688239,航宇科技,sh,star
sh.688244,688244,永信至诚,sh,star
sh.688246,688246,嘉和美康,sh,star
sh.688247,688247,宣泰医药,sh,star
sh.688248,688248,南网科技,sh,star
sh.688249,688249,晶合集成,sh,star
sh.688251,688251,井松智能,sh,star
sh.688252,688252,天德钰,sh,star
sh.688253,688253,英诺特,sh,star
sh.688255,688255,凯尔达,sh,star
sh.688256,688256,寒武纪,sh,star
sh.688257,688257,新锐股份,sh,star
sh.688258,688258,卓易信息,sh,star
sh.688259,688259,创耀科技,sh,star
sh.688260,688260,昀冢科技,sh,star
sh.688261,688261,东微半导,sh,star
sh.688262,688262,国芯科技,sh,star
sh.688265,688265,南模生物,sh,star
sh.688266,688266,泽璟制药,sh,star
sh.688267,688267,中触媒,sh,star
sh.688268,688268,华特气体,sh,star
sh.688269,688269,凯立新材,sh,star
sh.688271,688271,联影医疗,sh,star
sh.688272,688272,富吉瑞,sh,star
sh.688273,688273,麦澜德,sh,star
sh.688275,688275,万润新能,sh,star
sh.688276,688276,百克生物,sh,star
sh.688277,688277,天智航,sh,star
sh.688278,688278,特宝生物,sh,star
sh.688279,688279,峰岹科技,sh,star
sh.688280,688280,精进电动,sh,star
sh.688281,688281,华秦科技,sh,star
sh.688282,688282,理工导航,sh,star
sh.688283,688283,坤恒顺维,sh,star
sh.688285,688285,高铁电气,sh,star
sh.688286,688286,敏芯股份,sh,star
sh.688288,688288,鸿泉技术,sh,star
sh.688289,688289,圣湘生物,sh,star
sh.688290,688290,景业智能,sh,star
sh.688291,688291,金橙子,sh,star
sh.688292,688292,浩瀚深度,sh,star
sh.688293,688293,奥浦迈,sh,star
sh.688295,688295,中复神鹰,sh,star
sh.688296,688296,和达科技,sh,star
sh.688297,688297,中无人机,sh,star
sh.688298,688298,东方生物,sh,star
sh.688299,688299,长阳科技,sh,star
sh.688300,688300,联瑞新材,sh,star
sh.688301,688301,奕瑞科技,sh,star
sh.688302,688302,海创药业,sh,star
sh.688303,688303,大全能源,sh,star
sh.688305,688305,科德数控,sh,star
sh.688306,688306,均普智能,sh,star
sh.688307,688307,中润光学,sh,star
sh.688308,688308,欧科亿,sh,star
sh.688309,688309,恒誉环保,sh,star
sh.688310,688310,迈得医疗,sh,star
sh.688311,688311,盟升电子,sh,star
sh.688312,688312,燕麦科技,sh,star
sh.688313,688313,仕佳光子,sh,star
sh.688314,688314,康拓医疗,sh,star
sh.688315,688315,诺禾致源,sh,star
sh.688316,688316,青云科技,sh,star
sh.688317,688317,之江生物,sh,star
sh.688318,688318,财富趋势,sh,star
sh.688319,688319,欧林生物,sh,star
sh.688320,688320,禾川科技,sh,star
sh.688321,688321,微芯生物,sh,star
sh.688322,688322,奥比中光,sh,star
sh.688323,688323,瑞华泰,sh,star
sh.688325,688325,赛微微电,sh,star
sh.688326,688326,经纬恒润,sh,star
sh.688327,688327,云从科技,sh,star
sh.688328,688328,深科达,sh,star
sh.688329,688329,艾隆科技,sh,star
sh.688330,688330,宏力达,sh,star
sh.688331,688331,荣昌生物,sh,star
sh.688332,688332,中科蓝讯,sh,star
sh.688333,688333,铂力特,sh,star
sh.688334,688334,西高院,sh,star
sh.688335,688335,复洁科技,sh,star
sh.688336,688336,三生国健,sh,star
sh.688337,688337,普源精电,sh,star
sh.688338,688338,赛科希德,sh,star
sh.688339,688339,亿华通,sh,star
sh.688343,688343,云天励飞,sh,star
sh.688345,688345,博力威,sh,star
sh.688347,688347,华虹公司,sh,star
sh.688348,688348,昱能科技,sh,star
sh.688349,688349,三一重能,sh,star
sh.688350,688350,富淼科技,sh,star
sh.688351,688351,微电生理,sh,star
sh.688352,688352,颀中科技,sh,star
sh.688353,688353,华盛锂电,sh,star
sh.688355,688355,明志科技,sh,star
sh.688356,688356,键凯科技,sh,star
sh.688357,688357,建龙微纳,sh,star
sh.688358,688358,祥生医疗,sh,star
sh.688359,688359,三孚新科,sh,star
sh.688360,688360,德马科技,sh,star
sh.688361,688361,中科飞测,sh,star
sh.688362,688362,甬矽电子,sh,star
sh.688363,688363,华熙生物,sh,star
sh.688365,688365,光云科技,sh,star
sh.688366,688366,昊海生科,sh,star
sh.688367,688367,工大高科,sh,star
sh.688368,688368,晶丰明源,sh,star
sh.688369,688369,致远互联,sh,star
sh.688370,688370,丛麟科技,sh,star
sh.688371,688371,菲沃泰,sh,star
sh.688372,688372,伟测科技,sh,star
sh.688373,688373,盟科药业,sh,star
sh.688375,688375,国博电子,sh,star
sh.688376,688376,美埃科技,sh,star
sh.688377,688377,迪威尔,sh,star
sh.688378,688378,奥来德,sh,star
sh.688379,688379,华光新材,sh,star
sh.688380,688380,中微半导,sh,star
sh.688381,688381,帝奥微,sh,star
sh.688382,688382,益方生物,sh,star
sh.688383,688383,新益昌,sh,star
sh.688385,688385,复旦微电,sh,star
sh.688386,688386,泛亚微透,sh,star
sh.688387,688387,信科移动,sh,star
sh.688388,688388,嘉元科技,sh,star
sh.688389,688389,普门科技,sh,star
sh.688390,688390,固德威,sh,star
sh.688391,688391,钜泉科技,sh,star
sh.688392,688392,骄成超声,sh,star
sh.688393,688393,安必平,sh,star
sh.688395,688395,正弦电气,sh,star
sh.688396,688396,华润微,sh,star
sh.688398,688398,赛特新材,sh,star
sh.688399,688399,硕世生物,sh,star
sh.688400,688400,凌云光,sh,star
sh.688401,688401,路维光电,sh,star
sh.688403,688403,汇成股份,sh,star
sh.688408,688408,中信博,sh,star
sh.688409,688409,富创精密,sh,star
sh.688410,688410,山外山,sh,star
sh.688411,688411,海博思创,sh,star
sh.688416,688416,恒烁股份,sh,star
sh.688418,688418,震有科技,sh,star
sh.688419,688419,耐科装备,sh,star
sh.688420,688420,美腾科技,sh,star
sh.688425,688425,铁建重工,sh,star
sh.688426,688426,康为世纪,sh,star
sh.688428,688428,诺诚健华,sh,star
sh.688429,688429,时创能源,sh,star
sh.688432,688432,有研硅,sh,star
sh.688433,688433,华曙高科,sh,star
sh.688435,688435,英方软件,sh,star
sh.688439,688439,振华风光,sh,star
sh.688443,688443,智翔金泰,sh,star
sh.688448,688448,磁谷科技,sh,star
sh.688449,688449,联芸科技,sh,star
sh.688450,688450,光格科技,sh,star
sh.688455,688455,科捷智能,sh,star
sh.688456,688456,有研粉材,sh,star
sh.688458,688458,美芯晟,sh,star
sh.688459,688459,哈铁科技,sh,star
sh.688466,688466,金科环境,sh,star
sh.688468,688468,科美诊断,sh,star
sh.688469,688469,芯联集成,sh,star
sh.688472,688472,阿特斯,sh,star
sh.688475,688475,萤石网络,sh,star
sh.688478,688478,晶升股份,sh,star
sh.688479,688479,友车科技,sh,star
sh.688480,688480,赛恩斯,sh,star
sh.688484,688484,南芯科技,sh,star
sh.688485,688485,九州一轨,sh,star
sh.688486,688486,龙迅股份,sh,star
sh.688488,688488,艾迪药业,sh,star
sh.688489,688489,三未信安,sh,star
sh.688498,688498,源杰科技,sh,star
sh.688499,688499,利元亨,sh,star
sh.688500,688500,慧辰股份,sh,star
sh.688501,688501,青达环保,sh,star
sh.688502,688502,茂莱光学,sh,star
sh.688503,688503,聚和材料,sh,star
sh.688505,688505,复旦张江,sh,star
sh.688506,688506,百利天恒,sh,star
sh.688507,688507,索辰科技,sh,star
sh.688508,688508,芯朋微,sh,star
sh.688509,688509,正元地信,sh,star
sh.688510,688510,航亚科技,sh,star
sh.688511,688511,天微电子,sh,star
sh.688512,688512,慧智微,sh,star
sh.688513,688513,苑东生物,sh,star
sh.688515,688515,裕太微,sh,star
sh.688516,688516,奥特维,sh,star
sh.688517,688517,金冠电气,sh,star
sh.688518,688518,联赢激光,sh,star
sh.688519,688519,南亚新材,sh,star
sh.688520,688520,神州细胞,sh,star
sh.688521,688521,芯原股份,sh,star
sh.688522,688522,纳睿雷达,sh,star
sh.688523,688523,航天环宇,sh,star
sh.688525,688525,佰维存储,sh,star
sh.688526,688526,科前生物,sh,star
sh.688528,688528,秦川物联,sh,star
sh.688529,688529,豪森智能,sh,star
sh.688530,688530,欧莱新材,sh,star
sh.688531,688531,日联科技,sh,star
sh.688533,688533,上声电子,sh,star
sh.688535,688535,华海诚科,sh,star
sh.688536,688536,思瑞浦,sh,star
sh.688538,688538,和辉光电,sh,star
sh.688539,688539,高华科技,sh,star
sh.688543,688543,国科军工,sh,star
sh.688545,688545,兴福电子,sh,star
sh.688548,688548,广钢气体,sh,star
sh.688549,688549,中巨芯,sh,star
sh.688550,688550,瑞联新材,sh,star
sh.688551,688551,科威尔,sh,star
sh.688552,688552,航天南湖,sh,star
sh.688553,688553,汇宇制药,sh,star
sh.688556,688556,高测股份,sh,star
sh.688557,688557,兰剑智能,sh,star
sh.688558,688558,国盛智科,sh,star
sh.688559,688559,海目星,sh,star
sh.688560,688560,明冠新材,sh,star
sh.688561,688561,奇安信,sh,star
sh.688562,688562,航天软件,sh,star
sh.688563,688563,航材股份,sh,star
sh.688565,688565,力源科技,sh,star
sh.688566,688566,吉贝尔,sh,star
sh.688567,688567,孚能科技,sh,star
sh.688568,688568,中科星图,sh,star
sh.688569,688569,铁科轨道,sh,star
sh.688570,688570,天玛智控,sh,star
sh.688571,688571,杭华股份,sh,star
sh.688573,688573,信宇人,sh,star
sh.688575,688575,亚辉龙,sh,star
sh.688576,688576,西山科技,sh,star
sh.688577,688577,浙海德曼,sh,star
sh.688578,688578,艾力斯,sh,star
sh.688579,688579,地纬智能,sh,star
sh.688580,688580,伟思医疗,sh,star
sh.688581,688581,安杰思,sh,star
sh.688582,688582,芯动联科,sh,star
sh.688583,688583,思看科技,sh,star
sh.688584,688584,上海合晶,sh,star
sh.688585,688585,上纬新材,sh,star
sh.688586,688586,江航装备,sh,star
sh.688588,688588,凌志软件,sh,star
sh.688589,688589,力合微,sh,star
sh.688590,688590,新致软件,sh,star
sh.688591,688591,泰凌微,sh,star
sh.688592,688592,司南导航,sh,star
sh.688593,688593,新相微,sh,star
sh.688595,688595,芯海科技,sh,star
sh.688596,688596,正帆科技,sh,star
sh.688597,688597,煜邦电力,sh,star
sh.688598,688598,金博股份,sh,star
sh.688599,688599,天合光能,sh,star
sh.688600,688600,皖仪科技,sh,star
sh.688601,688601,力芯微,sh,star
sh.688602,688602,康鹏科技,sh,star
sh.688603,688603,天承科技,sh,star
sh.688605,688605,先锋精科,sh,star
sh.688606,688606,奥泰生物,sh,star
sh.688607,688607,康众医疗,sh,star
sh.688608,688608,恒玄科技,sh,star
sh.688609,688609,九联科技,sh,star
sh.688610,688610,埃科光电,sh,star
sh.688611,688611,杭州柯林,sh,star
sh.688612,688612,威迈斯,sh,star
sh.688613,688613,奥精医疗,sh,star
sh.688615,688615,合合信息,sh,star
sh.688616,688616,西力科技,sh,star
sh.688617,688617,惠泰医疗,sh,star
sh.688618,688618,三旺通信,sh,star
sh.688619,688619,罗普特,sh,star
sh.688620,688620,安凯微,sh,star
sh.688621,688621,阳光诺和,sh,star
sh.688623,688623,双元科技,sh,star
sh.688625,688625,呈和科技,sh,star
sh.688626,688626,翔宇医疗,sh,star
sh.688627,688627,精智达,sh,star
sh.688628,688628,优利德,sh,star
sh.688629,688629,华丰科技,sh,star
sh.688630,688630,芯碁微装,sh,star
sh.688631,688631,莱斯信息,sh,star
sh.688633,688633,星球石墨,sh,star
sh.688636,688636,智明达,sh,star
sh.688638,688638,誉辰智能,sh,star
sh.688639,688639,华恒生物,sh,star
sh.688648,688648,中邮科技,sh,star
sh.688651,688651,盛邦安全,sh,star
sh.688652,688652,京仪装备,sh,star
sh.688653,688653,康希通信,sh,star
sh.688655,688655,迅捷兴,sh,star
sh.688656,688656,浩欧博,sh,star
sh.688657,688657,浩辰软件,sh,star
sh.688658,688658,悦康药业,sh,star
sh.688659,688659,元琛科技,sh,star
sh.688660,688660,电气风电,sh,star
sh.688661,688661,和林微纳,sh,star
sh.688662,688662,富信科技,sh,star
sh.688663,688663,新风光,sh,star
sh.688665,688665,四方光电,sh,star
sh.688667,688667,菱电电控,sh,star
sh.688668,688668,鼎通科技,sh,star
sh.688669,688669,聚石化学,sh,star
sh.688670,688670,金迪克,sh,star
sh.688671,688671,碧兴物联,sh,star
sh.688676,688676,金盘科技,sh,star
sh.688677,688677,海泰新光,sh,star
sh.688678,688678,福立旺,sh,star
sh.688679,688679,通源环境,sh,star
sh.688680,688680,海优新材,sh,star
sh.688681,688681,科汇股份,sh,star
sh.688682,688682,霍莱沃,sh,star
sh.688683,688683,莱尔科技,sh,star
sh.688685,688685,迈信林,sh,star
sh.688686,688686,奥普特,sh,star
sh.688687,688687,凯因科技,sh,star
sh.688689,688689,银河微电,sh,star
sh.688690,688690,纳微科技,sh,star
sh.688691,688691,灿芯股份,sh,star
sh.688692,688692,达梦数据,sh,star
sh.688693,688693,锴威特,sh,star
sh.688695,688695,中创股份,sh,star
sh.688696,688696,极米科技,sh,star
sh.688697,688697,纽威数控,sh,star
sh.688698,688698,伟创电气,sh,star
sh.688699,688699,明微电子,sh,star
sh.688700,688700,东威科技,sh,star
sh.688701,688701,卓锦股份,sh,star
sh.688702,688702,盛科通信,sh,star
sh.688707,688707,振华新材,sh,star
sh.688708,688708,佳驰科技,sh,star
sh.688709,688709,成都华微,sh,star
sh.688710,688710,益诺思,sh,star
sh.688711,688711,宏微科技,sh,star
sh.688712,688712,北芯生命,sh,star
sh.688716,688716,中研股份,sh,star
sh.688717,688717,艾罗能源,sh,star
sh.688718,688718,唯赛勃,sh,star
sh.688719,688719,爱科赛博,sh,star
sh.688720,688720,艾森股份,sh,star
sh.688721,688721,龙图光罩,sh,star
sh.688722,688722,同益中,sh,star
sh.688726,688726,拉普拉斯,sh,star
sh.688727,688727,恒坤新材,sh,star
sh.688728,688728,格科微,sh,star
sh.688729,688729,屹唐股份,sh,star
sh.688733,688733,壹石通,sh,star
sh.688737,688737,中自科技,sh,star
sh.688739,688739,成大生物,sh,star
sh.688750,688750,金天钛业,sh,star
sh.688755,688755,汉邦科技,sh,star
sh.688757,688757,胜科纳米,sh,star
sh.688758,688758,赛分科技,sh,star
sh.688759,688759,必贝特,sh,star
sh.688765,688765,禾元生物,sh,star
sh.688766,688766,普冉股份,sh,star
sh.688767,688767,博拓生物,sh,star
sh.688768,688768,容知日新,sh,star
sh.688772,688772,珠海冠宇,sh,star
sh.688775,688775,影石创新,sh,star
sh.688776,688776,国光电气,sh,star
sh.688777,688777,中控技术,sh,star
sh.688778,688778,厦钨新能,sh,star
sh.688779,688779,五矿新能,sh,star
sh.688781,688781,视涯科技,sh,star
sh.688783,688783,西安奕材,sh,star
sh.688785,688785,恒运昌,sh,star
sh.688786,688786,悦安新材,sh,star
sh.688787,688787,海天瑞声,sh,star
sh.688788,688788,科思科技,sh,star
sh.688789,688789,宏华数科,sh,star
sh.688790,688790,昂瑞微,sh,star
sh.688793,688793,倍轻松,sh,star
sh.688795,688795,摩尔线程,sh,star
sh.688796,688796,百奥赛图,sh,star
sh.688798,688798,艾为电子,sh,star
sh.688799,688799,华纳药厂,sh,star
sh.688800,688800,瑞可达,sh,star
sh.688802,688802,沐曦股份,sh,star
sh.688805,688805,健信超导,sh,star
sh.688807,688807,优迅股份,sh,star
sh.688808,688808,联讯仪器,sh,star
sh.688809,688809,强一股份,sh,star
sh.688811,688811,有研复材,sh,star
sh.688813,688813,泰金新能,sh,star
sh.688816,688816,易思维,sh,star
sh.688818,688818,电科蓝天,sh,star
sh.688819,688819,天能股份,sh,star
sh.688820,688820,盛合晶微,sh,star
sh.688981,688981,中芯国际,sh,star
bj.920000,920000,安徽凤凰,bj,bse
bj.920001,920001,纬达光电,bj,bse
bj.920002,920002,万达轴承,bj,bse
bj.920003,920003,中诚咨询,bj,bse
bj.920005,920005,鼎佳精密,bj,bse
bj.920006,920006,晟楠科技,bj,bse
bj.920007,920007,酉立智能,bj,bse
bj.920008,920008,成电光信,bj,bse
bj.920009,920009,丹娜生物,bj,bse
bj.920010,920010,凯添燃气,bj,bse
bj.920011,920011,晨光电机,bj,bse
bj.920012,920012,创达新材,bj,bse
bj.920014,920014,特瑞斯,bj,bse
bj.920015,920015,锦华新材,bj,bse
bj.920016,920016,中草香料,bj,bse
bj.920017,920017,星昊医药,bj,bse
bj.920018,920018,宏远股份,bj,bse
bj.920019,920019,铜冠矿建,bj,bse
bj.920020,920020,泰凯英,bj,bse
bj.920021,920021,流金科技,bj,bse
bj.920022,920022,世昌股份,bj,bse
bj.920026,920026,卓兆点胶,bj,bse
bj.920027,920027,交大铁发,bj,bse
bj.920028,920028,新恒泰,bj,bse
bj.920029,920029,开发科技,bj,bse
bj.920030,920030,德众汽车,bj,bse
bj.920033,920033,康普化学,bj,bse
bj.920035,920035,精创电气,bj,bse
bj.920036,920036,觅睿科技,bj,bse
bj.920037,920037,广信科技,bj,bse
bj.920039,920039,国义招标,bj,bse
bj.920045,920045,蘅东光,bj,bse
bj.920046,920046,亿能电力,bj,bse
bj.920047,920047,诺思兰德,bj,bse
bj.920050,920050,爱舍伦,bj,bse
bj.920055,920055,隆源股份,bj,bse
bj.920056,920056,能之光,bj,bse
bj.920057,920057,百甲科技,bj,bse
bj.920058,920058,华洋赛车,bj,bse
bj.920060,920060,万源通,bj,bse
bj.920061,920061,西磁科技,bj,bse
bj.920062,920062,科润智控,bj,bse
bj.920066,920066,科拜尔,bj,bse
bj.920068,920068,天工股份,bj,bse
bj.920069,920069,普昂医疗,bj,bse
bj.920075,920075,柏星龙,bj,bse
bj.920076,920076,国亮新材,bj,bse
bj.920077,920077,吉林碳谷,bj,bse
bj.920078,920078,族兴新材,bj,bse
bj.920080,920080,奥美森,bj,bse
bj.920082,920082,方正阀门,bj,bse
bj.920086,920086,科马材料,bj,bse
bj.920087,920087,秋乐种业,bj,bse
bj.920088,920088,科力股份,bj,bse
bj.920089,920089,禾昌聚合,bj,bse
bj.920091,920091,大鹏工业,bj,bse
bj.920092,920092,汉鑫科技,bj,bse
bj.920098,920098,科隆新材,bj,bse
bj.920099,920099,瑞华技术,bj,bse
bj.920100,920100,三协电机,bj,bse
bj.920101,920101,志高机械,bj,bse
bj.920106,920106,林泰新材,bj,bse
bj.920108,920108,宏海科技,bj,bse
bj.920110,920110,雷特科技,bj,bse
bj.920111,920111,聚星科技,bj,bse
bj.920112,920112,巴兰仕,bj,bse
bj.920116,920116,星图测控,bj,bse
bj.920118,920118,太湖远大,bj,bse
bj.920119,920119,美德乐,bj,bse
bj.920121,920121,江天科技,bj,bse
bj.920122,920122,中纺标,bj,bse
bj.920123,920123,芭薇股份,bj,bse
bj.920124,920124,南特科技,bj,bse
bj.920125,920125,鸿仕达,bj,bse
bj.920128,920128,胜业电气,bj,bse
bj.920130,920130,立方控股,bj,bse
bj.920132,920132,泰鹏智能,bj,bse
bj.920139,920139,华岭股份,bj,bse
bj.920145,920145,恒合股份,bj,bse
bj.920146,920146,华阳变速,bj,bse
bj.920149,920149,旭杰科技,bj,bse
bj.920152,920152,昆工科技,bj,bse
bj.920156,920156,海昌智能,bj,bse
bj.920158,920158,长江能科,bj,bse
bj.920159,920159,农大科技,bj,bse
bj.920160,920160,北矿检测,bj,bse
bj.920163,920163,方大新材,bj,bse
bj.920166,920166,海圣医疗,bj,bse
bj.920167,920167,同享科技,bj,bse
bj.920168,920168,通宝光电,bj,bse
bj.920169,920169,七丰精工,bj,bse
bj.920171,920171,志晟信息,bj,bse
bj.920174,920174,五新隧装,bj,bse
bj.920175,920175,东方碳素,bj,bse
bj.920177,920177,恒道科技,bj,bse
bj.920179,920179,凯德石英,bj,bse
bj.920180,920180,爱得科技,bj,bse
bj.920181,920181,赛英电子,bj,bse
bj.920183,920183,海菲曼,bj,bse
bj.920184,920184,国源科技,bj,bse
bj.920185,920185,贝特瑞,bj,bse
bj.920186,920186,中科仪,bj,bse
bj.920187,920187,通领科技,bj,bse
bj.920188,920188,悦龙科技,bj,bse
bj.920190,920190,雷神科技,bj,bse
bj.920191,920191,瑞尔竞达,bj,bse
bj.920195,920195,三祥科技,bj,bse
bj.920198,920198,微创光电,bj,bse
bj.920199,920199,倍益康,bj,bse
bj.920204,920204,沪江材料,bj,bse
bj.920207,920207,众诚科技,bj,bse
bj.920208,920208,青矩技术,bj,bse
bj.920212,920212,智新电子,bj,bse
bj.920221,920221,易实精密,bj,bse
bj.920223,920223,荣亿精密,bj,bse
bj.920225,920225,利通科技,bj,bse
bj.920227,920227,美登科技,bj,bse
bj.920230,920230,欧康医药,bj,bse
bj.920237,920237,力佳科技,bj,bse
bj.920239,920239,长虹能源,bj,bse
bj.920242,920242,建邦科技,bj,bse
bj.920245,920245,威博液压,bj,bse
bj.920247,920247,华密新材,bj,bse
bj.920249,920249,利尔达,bj,bse
bj.920252,920252,天宏锂电,bj,bse
bj.920260,920260,中寰股份,bj,bse
bj.920261,920261,一诺威,bj,bse
bj.920262,920262,太湖雪,bj,bse
bj.920263,920263,中航泰达,bj,bse
bj.920266,920266,生物谷,bj,bse
bj.920267,920267,鑫汇科,bj,bse
bj.920270,920270,天铭科技,bj,bse
bj.920271,920271,邦德股份,bj,bse
bj.920273,920273,一致魔芋,bj,bse
bj.920274,920274,宏裕包材,bj,bse
bj.920275,920275,驱动力,bj,bse
bj.920278,920278,鹿得医疗,bj,bse
bj.920284,920284,灵鸽科技,bj,bse
bj.920299,920299,灿能电力,bj,bse
bj.920300,920300,辰光医疗,bj,bse
bj.920304,920304,迪尔化工,bj,bse
bj.920339,920339,恒太照明,bj,bse
bj.920344,920344,三元基因,bj,bse
bj.920346,920346,威贸电子,bj,bse
bj.920351,920351,华光源海,bj,bse
bj.920357,920357,雅葆轩,bj,bse
bj.920363,920363,莱赛激光,bj,bse
bj.920367,920367,新赣江,bj,bse
bj.920368,920368,连城数控,bj,bse
bj.920370,920370,新安洁,bj,bse
bj.920371,920371,欧福蛋业,bj,bse
bj.920374,920374,云里物里,bj,bse
bj.920375,920375,派诺科技,bj,bse
bj.920378,920378,泰德股份,bj,bse
bj.920392,920392,佳合科技,bj,bse
bj.920394,920394,民士达,bj,bse
bj.920395,920395,朗鸿科技,bj,bse
bj.920396,920396,常辅股份,bj,bse
bj.920402,920402,硅烷科技,bj,bse
bj.920403,920403,康农种业,bj,bse
bj.920405,920405,海希通讯,bj,bse
bj.920407,920407,驰诚股份,bj,bse
bj.920414,920414,欧普泰,bj,bse
bj.920415,920415,恒拓开源,bj,bse
bj.920418,920418,苏轴股份,bj,bse
bj.920419,920419,路斯股份,bj,bse
bj.920422,920422,润普食品,bj,bse
bj.920425,920425,乐创技术,bj,bse
bj.920427,920427,华维设计,bj,bse
bj.920429,920429,康比特,bj,bse
bj.920433,920433,大唐药业,bj,bse
bj.920436,920436,大地电气,bj,bse
bj.920438,920438,戈碧迦,bj,bse
bj.920445,920445,龙竹科技,bj,bse
bj.920454,920454,同心传动,bj,bse
bj.920455,920455,汇隆活塞,bj,bse
bj.920469,920469,富恒新材,bj,bse
bj.920471,920471,美邦科技,bj,bse
bj.920475,920475,三友科技,bj,bse
bj.920476,920476,海能技术,bj,bse
bj.920478,920478,峆一药业,bj,bse
bj.920489,920489,佳先股份,bj,bse
bj.920491,920491,奥迪威,bj,bse
bj.920493,920493,并行科技,bj,bse
bj.920496,920496,许昌智能,bj,bse
bj.920504,920504,博迅生物,bj,bse
bj.920505,920505,九菱科技,bj,bse
bj.920508,920508,殷图网联,bj,bse
bj.920509,920509,同惠电子,bj,bse
bj.920510,920510,丰光精密,bj,bse
bj.920519,920519,万德股份,bj,bse
bj.920522,920522,纳科诺尔,bj,bse
bj.920523,920523,德瑞锂电,bj,bse
bj.920526,920526,凯华材料,bj,bse
bj.920527,920527,夜光明,bj,bse
bj.920533,920533,骏创科技,bj,bse
bj.920541,920541,铁大科技,bj,bse
bj.920547,920547,无锡晶海,bj,bse
bj.920553,920553,凯腾精工,bj,bse
bj.920556,920556,雅达股份,bj,bse
bj.920564,920564,天润科技,bj,bse
bj.920566,920566,梓橦宫,bj,bse
bj.920570,920570,坤博精工,bj,bse
bj.920571,920571,国航远洋,bj,bse
bj.920576,920576,天力复合,bj,bse
bj.920578,920578,巨能股份,bj,bse
bj.920579,920579,机科股份,bj,bse
bj.920580,920580,科创新材,bj,bse
bj.920592,920592,华信永道,bj,bse
bj.920593,920593,鼎智科技,bj,bse
bj.920599,920599,同力股份,bj,bse
bj.920608,920608,丰安股份,bj,bse
bj.920627,920627,力王股份,bj,bse
bj.920634,920634,新威凌,bj,bse
bj.920639,920639,晨光电缆,bj,bse
bj.920640,920640,富士达,bj,bse
bj.920641,920641,格利尔,bj,bse
bj.920642,920642,通易航天,bj,bse
bj.920651,920651,天罡股份,bj,bse
bj.920656,920656,海昇药业,bj,bse
bj.920662,920662,方盛股份,bj,bse
bj.920663,920663,明阳科技,bj,bse
bj.920665,920665,科强股份,bj,bse
bj.920670,920670,数字人,bj,bse
bj.920675,920675,秉扬科技,bj,bse
bj.920679,920679,前进科技,bj,bse
bj.920682,920682,球冠电缆,bj,bse
bj.920685,920685,新芝生物,bj,bse
bj.920689,920689,克莱特,bj,bse
bj.920690,920690,捷众科技,bj,bse
bj.920693,920693,阿为特,bj,bse
bj.920694,920694,中裕科技,bj,bse
bj.920699,920699,海达尔,bj,bse
bj.920701,920701,豪声电子,bj,bse
bj.920703,920703,广厦环能,bj,bse
bj.920706,920706,铁拓机械,bj,bse
bj.920717,920717,瑞星股份,bj,bse
bj.920718,920718,合肥高科,bj,bse
bj.920719,920719,宁新新材,bj,bse
bj.920720,920720,吉冈精密,bj,bse
bj.920725,920725,惠丰钻石,bj,bse
bj.920726,920726,朱老六,bj,bse
bj.920729,920729,永顺生物,bj,bse
bj.920735,920735,德源药业,bj,bse
bj.920748,920748,路桥信息,bj,bse
bj.920751,920751,惠同新材,bj,bse
bj.920753,920753,天纺标,bj,bse
bj.920765,920765,美之高,bj,bse
bj.920768,920768,拾比佰,bj,bse
bj.920770,920770,艾能聚,bj,bse
bj.920779,920779,武汉蓝电,bj,bse
bj.920781,920781,瑞奇智造,bj,bse
bj.920786,920786,骑士乳业,bj,bse
bj.920790,920790,联迪信息,bj,bse
bj.920792,920792,东和新材,bj,bse
bj.920799,920799,艾融软件,bj,bse
bj.920802,920802,保丽洁,bj,bse
bj.920806,920806,云星宇,bj,bse
bj.920807,920807,奔朗新材,bj,bse
bj.920808,920808,曙光数创,bj,bse
bj.920809,920809,安达科技,bj,bse
bj.920810,920810,春光智能,bj,bse
bj.920819,920819,颖泰生物,bj,bse
bj.920821,920821,则成电子,bj,bse
bj.920826,920826,盖世食品,bj,bse
bj.920832,920832,齐鲁华信,bj,bse
bj.920833,920833,美心翼申,bj,bse
bj.920834,920834,三维装备,bj,bse
bj.920837,920837,华原股份,bj,bse
bj.920839,920839,万通液压,bj,bse
bj.920855,920855,浙江大农,bj,bse
bj.920856,920856,浩淼科技,bj,bse
bj.920857,920857,泓禧科技,bj,bse
bj.920866,920866,绿亨科技,bj,bse
bj.920870,920870,恒进感应,bj,bse
bj.920871,920871,派特尔,bj,bse
bj.920873,920873,中设咨询,bj,bse
bj.920876,920876,慧为智能,bj,bse
bj.920879,920879,基康技术,bj,bse
bj.920885,920885,星辰科技,bj,bse
bj.920892,920892,广咨国际,bj,bse
bj.920895,920895,花溪科技,bj,bse
bj.920896,920896,旺成科技,bj,bse
bj.920906,920906,舜宇精工,bj,bse
bj.920914,920914,远航精密,bj,bse
bj.920924,920924,广脉科技,bj,bse
bj.920925,920925,锦好医疗,bj,bse
bj.920926,920926,鸿智科技,bj,bse
bj.920931,920931,无锡鼎邦,bj,bse
bj.920932,920932,科达自控,bj,bse
bj.920942,920942,恒立钻具,bj,bse
bj.920943,920943,优机股份,bj,bse
bj.920946,920946,森萱医药,bj,bse
bj.920950,920950,迅安科技,bj,bse
bj.920953,920953,国子软件,bj,bse
bj.920957,920957,汉维科技,bj,bse
bj.920961,920961,创远信科,bj,bse
bj.920964,920964,润农节水,bj,bse
bj.920970,920970,大禹生物,bj,bse
bj.920971,920971,天马新材,bj,bse
bj.920974,920974,凯大催化,bj,bse
bj.920976,920976,视声智能,bj,bse
bj.920978,920978,开特股份,bj,bse
bj.920981,920981,晶赛科技,bj,bse
bj.920982,920982,锦波生物,bj,bse
bj.920985,920985,海泰新能,bj,bse
bj.920992,920992,中科美菱,bj,bse
